path	size	flags	md5
.godot/exported/133200997/export-2c87b2058bceee4dffebd6fa6107c725-cartoon_reference.res	2170	0	268242f3fa58c820dfd79f2b829e6787
.godot/exported/133200997/export-4280672372da6d7bd71c7f6dd8beb4a0-anime_default.res	2188	0	285611643b720d17bdb9dd41c3eb16c0
.godot/exported/133200997/export-99374e0d99ec83527fb0e3ffee0abb9c-rhythm_jump.scn	690	0	20ec4f6927bfe6a9eda4ecef92daca5e
.godot/exported/133200997/export-c2a7af834e91ff64325daddf58e45dc0-game.scn	1229	0	b64d6451573b743b5c58018abe100208
.godot/global_script_class_cache.cfg	334	0	8978c31e848e20ed3afd129b30c926d2
.godot/imported/01.mp3-6f5228a5998630f48f5d7cdacb56172a.mp3str	1153007	0	efa340601b8347842bd05e68dfa43415
.godot/imported/02.mp3-980e91b6968970fbdded9aafd3a88a9d.mp3str	461807	0	50625c511a6271f4d749a8c0a17317c6
.godot/imported/03.mp3-863d467565b188099abb8ce4dd439be5.mp3str	908815	0	9ac0710a85527a5f882c679952d5677a
.godot/imported/03.mp3-b030c52bfcc65a501a647f89590c4007.mp3str	908815	0	ba0f5e17f6c68ec7b1eaebc331ca34e4
.godot/imported/04.mp3-2bf5ffa866ef8ef8e9358540c48e3d91.mp3str	728255	0	d592c7fcb7ae933fc0814e4f89c70cb7
.godot/imported/05.mp3-aab3019b8efc6e1b657ca7dc307fa937.mp3str	379991	0	56bc8e08d5f604385f20516b2ac29330
.godot/imported/06.mp3-1b291a657a002c8ceff05c48ce013fa2.mp3str	1584655	0	a9290156e1068fab2a6f4365fc670f12
.godot/imported/06.mp3-b10165011d42054b88df2b0404dd8162.mp3str	1584655	0	828f527905434a693ee6f85d59b5746d
.godot/imported/07.mp3-db50d4fb2632f0d245783e0a1591b6c0.mp3str	392055	0	d9e5f5aca0a662db9cb08d90eb6f84c6
.godot/imported/08.mp3-4dfd925811760bfa04743ac7d5158cb2.mp3str	217299	0	43d64567566e6be76842b15b5ab91689
.godot/imported/09.mp3-2eefdcbf890b7f51b15b0d1444b17ad3.mp3str	3057019	0	1262a81b3e6f736fc4142e3d1dde49a4
.godot/imported/10.mp3-2cbb3f90f64a6cf04a42d504f5faa030.mp3str	3057019	0	a3bcec506151268583dc4416880cafd4
.godot/imported/11.mp3-027275ec5608e18a1e72d41e06b8fe0c.mp3str	858971	0	112d71c737ae67619f6e45bc0e45b496
.godot/imported/12.mp3-fd4d0326eea18d26591bd7e267eb2429.mp3str	1373063	0	3d745cddcb3a9422688fc78531b2639e
.godot/imported/13.mp3-776e0f81a13ae6a747b414a56d930f91.mp3str	1876807	0	4bf372ee8f617e5102c60228d6a64283
.godot/imported/14.mp3-414973e77b69b8127712a7605673650a.mp3str	1165547	0	88d07fa205c44e8925f3f9c752636780
.godot/imported/15.mp3-180d32dc64c448c9aba596dd3a549b7e.mp3str	819475	0	64140f2ca37771951e78e7c8782244eb
.godot/imported/16.mp3-f5112d00e3abf5f0f927b281acc0026a.mp3str	289087	0	b6130d0b40465fedc2ce1ad0a68a7577
.godot/imported/17.mp3-0a9e9fef50842347b72fe83ce73e4ffd.mp3str	1241091	0	ea72bb1c54e402cdf2a0875cd6984ab3
.godot/imported/18.mp3-db626868f8c6b74b2f44b491ee8d482d.mp3str	1463027	0	2f0ea7960c53bfc663dbb71367a9260e
.godot/imported/18.mp3-ef32d49c2b8e23cee7b0c8cf5bcd2abb.mp3str	1463027	0	6515622e44281aebb30fb17a978551ee
.godot/imported/19.mp3-0e0d084a587494f4a0fe941c7ed4e136.mp3str	697935	0	564aae501639f2052cb8b2a2bbbc77c1
.godot/imported/20.mp3-21571a68fdb714f9f30869af109b9b21.mp3str	649439	0	b38f719293de6f1e38787e4ce279e7ce
.godot/imported/20.mp3-4d521785a9a410c445d7391b9d0f34e1.mp3str	649439	0	92088e3004842952b008650ba746544d
.godot/imported/21.mp3-55fbbbd9c227865dab2b2be963bf69cb.mp3str	343943	0	a0b16b149a66a1aa4d8e46cddbce2413
.godot/imported/22.mp3-0811dece57578f1d12506e6491809dc9.mp3str	1106699	0	6d5182975b0476780bcb5107561f7d01
.godot/imported/23.mp3-d0a42b0beb4a4787b033c37d44fdb5c9.mp3str	1064923	0	a10c594a9e6da699743bae0d96f5fcbf
.godot/imported/24.mp3-39955789d56df364dfe7400868fccc2d.mp3str	1063355	0	21b2404618439ae8bdb2f7d1cdb6c342
.godot/imported/24.mp3-db338af9ca82482f27baf89a611b2035.mp3str	1063355	0	25251f5c5619f559a2e9eb10abca272f
.godot/imported/25.mp3-e18df12b6d3eb092faed406dac22a5ed.mp3str	1190311	0	b2975c0687ed3946796b595ae8e3ccb4
.godot/imported/26.mp3-c6eefdb395bc19d68a92ecbcfe45329d.mp3str	1405207	0	eae1b7dc758bfc85a09cf5e8aa1d57f2
.godot/imported/27.mp3-6de3abdb90c80568eb0e8f9d50970a25.mp3str	1268363	0	da5842842f36b2002911bd5536051305
.godot/imported/28.mp3-1e7af31ab978d10ed582f474be720cd5.mp3str	527007	0	e9922f655b094b27a2af494c50888dae
.godot/imported/29.mp3-b09ee5dab8ecf30d22e8f981c2f7db23.mp3str	1345163	0	90758d1b0a4f1eff46ce5b5065d2abcc
.godot/imported/30.mp3-ed4a597b511616a720c5e68c6d5e737b.mp3str	961163	0	8c8b9ba43109c589d1a36e1a62a25558
.godot/imported/31.mp3-347d75b71a1ae88ee4f83844b96619a2.mp3str	1195327	0	0ef2531403ac1559b065b03cdfd0245a
.godot/imported/32.mp3-916d139064131bf7f54380580fd33674.mp3str	369335	0	5b6671ec7a470f60884f1aafcf9e909f
.godot/imported/adaptive_bg.png-422ce0a519cb125a4e9c11c90a8ebfbc.ctex	340	0	3badf5b0f76951d636984d1f4e085f2f
.godot/imported/adaptive_fg.png-81de4bbc277db3d3cd8f2a2ab4b27fad.ctex	77626	0	e8866196e61cc6c922d93af9dea74f9f
.godot/imported/audience-day-landscape.jpg-48823ea221607ceb8ca898cf41e9bda7.ctex	1568420	0	d847103ec9b23b1953ca181c310531de
.godot/imported/audience-day-portrait.jpg-fd64f03b60361735b66d5c67623a0c1b.ctex	1419096	0	0311750162285cb340eb9474961ae75c
.godot/imported/audience-landscape.jpg-2f0cfb156df3d42147c3fd9a0196f7d0.ctex	620318	0	cf2c54cc6f4b4f555c32f2b408b45024
.godot/imported/audience-night-landscape.jpg-b9fe0ae611801ddc7fea3b9f8aba7350.ctex	1779432	0	5a3abe3827f0a61b72f29dfb0d526fca
.godot/imported/audience-night-portrait.jpg-577ff817b4841d7499e36ef33076f169.ctex	1602584	0	ceda4872210cdb1a2330e04dfa668368
.godot/imported/audience-portrait.jpg-1e9b9e60f6ed3785f786d385710707ad.ctex	454732	0	30f597e04466c1b1aee5d1990dab03d3
.godot/imported/avatar_Ako.png-3e0247946c6a40c34bc8ce912d6243ab.ctex	51582	0	c20091d15c3b04d5bd31e084248e1526
.godot/imported/avatar_Anon.png-adeb83ae4225cbfe74a7a4e4616a47a2.ctex	60072	0	48577d8b539d7180b6ef07aa5c132f4f
.godot/imported/avatar_Arare.png-3e2fbba27391d2e57c9953c2ec4be14e.ctex	56236	0	9eda19de956a2be761500b9a0c42a131
.godot/imported/avatar_Arisa.png-197bd6df5378e07fd441b17f29513287.ctex	46372	0	257984f6ef41ea4d2ada88f2151aca4c
.godot/imported/avatar_Aya.png-ff6f52b366e9a08fc246e1e6509d7e3a.ctex	54266	0	cef78b228839660a88822d70a9c6d68f
.godot/imported/avatar_Chisato.png-80f389f7720925d641a727d54a8eb8de.ctex	60770	0	c7354033d61d8d9213003c917e00b319
.godot/imported/avatar_Chuchu.png-882de0c241d27732d92cc1f20b9fd86c.ctex	67926	0	4bf8af5aedb775948f04b946aaa409f2
.godot/imported/avatar_Eve.png-872a75f2e6517434681e68d37a6406c0.ctex	60670	0	efaffb26e1d605a24d55bcd2361b779c
.godot/imported/avatar_Hagumi.png-6b6d5c64e551699577e05dca1f15410e.ctex	53384	0	22e0c57ebe41535dc3214980d8c9d623
.godot/imported/avatar_Himari.png-4e5b980b2fe894701ec5b3a661e0def3.ctex	50486	0	f5f0ad819bb999e3436cdb57b6a02a0e
.godot/imported/avatar_Hina.png-721190f001b04f364110a5eca0ac909d.ctex	65936	0	9c4378250fc8cdabf34eef439f36b856
.godot/imported/avatar_Kanon.png-0a930fe3eb0c5c9a7a0a0c9ac6cb6426.ctex	70178	0	debdb49871a090f1cddd7809d3ce8da6
.godot/imported/avatar_Kaoru.png-8de7f1b03d40c89111e0e1df8a2e41a4.ctex	55072	0	f70486ec5aaab08ebc1063bcc07d3132
.godot/imported/avatar_Kasumi.png-77eb53558ed8c0d6d67817c394cba73e.ctex	46154	0	7a5e1a2a3169312d613d789801b54bef
.godot/imported/avatar_Kokoro.png-22aacb7bf5ca4c37da4eb086514b4a3a.ctex	46800	0	0a149a3625fcc7208e0652a77bb56248
.godot/imported/avatar_Layer.png-2f7670e78bb5b9f5fa3ef6ddf1307d76.ctex	38338	0	183b936d3bf185230b486803b1c1ebce
.godot/imported/avatar_Lisa.png-58caa33ef5ebf2985d57622316f0ac1f.ctex	63820	0	747d8b5da5a46240f99f766968667da0
.godot/imported/avatar_Lock.png-071ce7a474b144afaae34edca32644dd.ctex	57370	0	74d19136164ae94ca116c37344c5cf03
.godot/imported/avatar_Mashiro.png-21a06435a130d3d6ed4c0df9057e38bf.ctex	61078	0	74b6664ebd1957b96b427077cbc1deec
.godot/imported/avatar_Masking.png-504e7bdd79b8f99831c48aa6e700d012.ctex	59006	0	1d39c58dac7aa65081a50ca4dfbbf8ce
.godot/imported/avatar_Maya.png-6e20673832a6971431263148f19404b8.ctex	58776	0	9bd8b0a3b9418e1706e1a4f3887cc05e
.godot/imported/avatar_Michelle.png-9547e30419d064bf48a767c49d1bb482.ctex	43720	0	b1dc4c7d0881645a0a687a83ff000dba
.godot/imported/avatar_Misaki.png-e1e4abe03df4572f31b06f70d07939ec.ctex	44112	0	2bd44042ef240d04b184fa9561e8f5f7
.godot/imported/avatar_Miyako.png-63d0cbb1f7d52cbd31cfdc6f6cd48e84.ctex	65988	0	f2d488c9f64681fcec7cc3d805f863fd
.godot/imported/avatar_Moca.png-7dc0653f77101bd8044e9bc7470b41ad.ctex	48824	0	68a48c73a5c5f9337a85ffa9ecb810bb
.godot/imported/avatar_Mutsumi.png-c112f026ec18fa1d2e91490333c278ab.ctex	88140	0	8062ff41225ffd1d064b37e58e8e56c9
.godot/imported/avatar_Nanami.png-59568b05fa6ecef741451ad33581e2ba.ctex	58902	0	9bc8b39e3043d60b56fef8de08781f8f
.godot/imported/avatar_Nonoka.png-3377c6b239d3a003291cca2cb485530d.ctex	70866	0	5db71ab43d5b02da2219d66797b6df3c
.godot/imported/avatar_Nyamu.png-6f00be32bc820ca2a6b14ec4434928b0.ctex	82360	0	317aff962b34282c3ce7a703e3c5e868
.godot/imported/avatar_Pareo.png-3e55e07ef7c356fcdcd39a02ac304a5c.ctex	58128	0	7df2087be24f19cb4353d365c645f6dd
.godot/imported/avatar_Ran.png-6fd5e231943cd19900da887494a67d62.ctex	46634	0	ae7c5cf27ddf374fc187edf665509428
.godot/imported/avatar_Rana.png-2c66abfbb8cd500b79e2016aa324a9ca.ctex	45818	0	2efb6d7e158363ecf98ebbc712d2b7d5
.godot/imported/avatar_Rimi.png-366aa4fc09cbd279cb0171ca4f769007.ctex	47018	0	39ab5b83d418d6357d7f0c9270cdda0a
.godot/imported/avatar_Rinko.png-6871f1d1f519cb5c58b1c58a4f38ab32.ctex	43100	0	cb3eed351f470a9ada06706d94467f0b
.godot/imported/avatar_Ritsu.png-38ac925b5b288f80cb1dffc16d69c581.ctex	64308	0	1255e1c4705cff8b6f6741020d8108f4
.godot/imported/avatar_Rui.png-8765cbae9d8d07f1ab90fb217d2eae0f.ctex	40164	0	5baa917eaf0cad9c6ef7584a58b54c5a
.godot/imported/avatar_Sakiko1.png-150cba182bbb595a5144d21cd62ef82b.ctex	74566	0	c41720bf7b7ca00dc9f61eb3b08498c5
.godot/imported/avatar_Saya.png-a5d664c220f34e777030c0c1de910c15.ctex	53290	0	beb6a310ed8e6850ad0049d7960d12c8
.godot/imported/avatar_Sayo.png-73f29f70b4cebb280d1b41f6ee5068d1.ctex	54780	0	b2474887b7ae73a1621bfcdfbd9246d2
.godot/imported/avatar_Soyo.png-edcdf03a6a0177baaed7039ced5edd6e.ctex	56008	0	c7856fad7059f7e726e764b935a18e1e
.godot/imported/avatar_Tae.png-65a854886522b19f7340b182cab78842.ctex	42410	0	fb2958a076cb12f52544e25da49c73cf
.godot/imported/avatar_Taki.png-557ee98237eadaca9d6e6dc87f2e1006.ctex	48094	0	671a967d1314a9fc7f75ca58b4771e79
.godot/imported/avatar_Toko.png-b4daa8ef7c74b8bbc6bec47eef7dfddf.ctex	61282	0	164f86a5c9b967f3f16f3df4105fc596
.godot/imported/avatar_Tomoe.png-3f4e9c83cf6bf81e8faa7c41aba8a6f2.ctex	58082	0	53648a2425efc5bfc7e30a988e263487
.godot/imported/avatar_Tomori.png-b81193e3d6902480f4fe10df9825e293.ctex	48438	0	a30b65cbf329910720073988f01ab407
.godot/imported/avatar_Tsugumi.png-c12ad5b6a470f920862132042778d548.ctex	46066	0	753565e35bc790450b9fdc01a0b8c969
.godot/imported/avatar_Tsukushi.png-aeb721583992481e693b65d29a8ccd5e.ctex	53772	0	c9977c8a1b4d148d1fd39da1f1fa464e
.godot/imported/avatar_Uika.png-e7eb25616452e19d72bb2977684c6d85.ctex	79228	0	29a5f32202a20f92e5a1ba6bd3e5010d
.godot/imported/avatar_Umiri.png-3d122d483acc4a17c16b18f92695d3e2.ctex	70494	0	885655d938a00882040097e682707f5f
.godot/imported/avatar_Yukina.png-11be3a44d8323e03950716200f616e15.ctex	45616	0	579df16715eba178d113ea629e88baaf
.godot/imported/avatar_Yuno.png-e165744d8558daef4ff7ef74bea94e14.ctex	65434	0	f6a7ff79253abe367aef2e10774d7a33
.godot/imported/band1-001-002.mp3-dbfd07c78a81250a4b31ed2f5bf12a47.mp3str	13335	0	f5495b0e3b6787cba34fdf6c38345c57
.godot/imported/band1-001-004.mp3-2fa0c894f31d499df913654428265db9.mp3str	30891	0	790a343ed06ca8c869dab22431d0a1b0
.godot/imported/band1-001-024.mp3-6db25f35a72069c4bbb827d7715dae82.mp3str	13335	0	5b9107d943dc175f9ee7744e4967062d
.godot/imported/band1-001-026.mp3-146bdd44bd44a604094a20b255755f2c.mp3str	44263	0	dde6c46121d48d85915a82bf02c49007
.godot/imported/band1-004-021.mp3-5e062764a863bae49789c9557363abec.mp3str	89823	0	85aa3641c322b8d7a707860aba13d61d
.godot/imported/band1-006-031.mp3-8efa2eaf4830205db55bdfbbef524a24.mp3str	52623	0	5fecdbf01f4ea56e6ae3aa8ce4c37a00
.godot/imported/band1-008-006.mp3-2a67c954062325e277c5ea319c4c5625.mp3str	32563	0	a522fce1e15898d62b16369ccc4c086a
.godot/imported/band1-009-056.mp3-f4ea330d5bccd8785aaf0ba578a7b8eb.mp3str	43011	0	bf7960448331a4a6fa3dca8ce4fd979e
.godot/imported/band1-010-036.mp3-1a5a4a336a6b0bc8c923e60305576d56.mp3str	22111	0	12e59c4f2e3821067c6b09eba8d86884
.godot/imported/band1-014-039.mp3-d752bf9303552e602ed52e038ad94c49.mp3str	15427	0	8d8cbd7a818cf060bd7ff65b88f32b34
.godot/imported/band2-002-054.mp3-f893c96301dd001180142d14e3f6604c.mp3str	22947	0	a8b9dcb4d3489a388bbb0aa871f537f0
.godot/imported/band2-004-019.mp3-a308ddd0829917fbebfe140fb490d019.mp3str	15427	0	94f4a72419919c91921a857366845bb2
.godot/imported/band2-005-040.mp3-3b1b6afe25eccd4442e91dc68f01ae01.mp3str	69759	0	9a8915bb3ac6cf2b9106ca0542c45378
.godot/imported/band2-007-020.mp3-99b826ddc84dfaa519f5a8dd1efc89dc.mp3str	12083	0	cdc4e5cc99d1c48550fbe4612ac1d22f
.godot/imported/band2-008-005.mp3-feb9a5c27633e14b21ca7aee71d0d959.mp3str	10411	0	78bae06773fab049c450b70800caba57
.godot/imported/band2-009-051.mp3-26c2cfc318875ce359bc3c8eedf7f732.mp3str	73939	0	9cc321efeb2a1be8438ea9358ce6515d
.godot/imported/band2-011-025.mp3-18b55c9c965677ac2686d08b864c3df8.mp3str	22947	0	3cc0fca93fb919d776a5dcf67dcda2f6
.godot/imported/band2-012-032.mp3-198d920339c03cde9e0902c69a76a5ae.mp3str	22531	0	95435ef16bd31cf5c4c73e52b39385a7
.godot/imported/band2-017-016.mp3-603f757de3a189cfe5e1d2de9c6782eb.mp3str	24619	0	58aa19ee4088c7920c3880a13f67d58e
.godot/imported/band3-002-011.mp3-184d277493c43724241f67a78a92f8e9.mp3str	20859	0	bc19e7e105ccb37cfbc5297684b65e77
.godot/imported/band3-008-001.mp3-2742e0aac10fc1cfec0621c96575a37c.mp3str	51787	0	3d7ece021ae6df606799d9ae8ed82fcd
.godot/imported/band3-009-011.mp3-42992f06f7072d7e12b3695390f8b84e.mp3str	24203	0	f810fe5b8738a499d2841a42a3c2bcba
.godot/imported/band3-010-040.mp3-7ae5eb77f3c79d5cbef0be0d83356b62.mp3str	17515	0	0fa2ee2e1ea1d283e9d6e5be3a1e7307
.godot/imported/band3-010-044.mp3-0b5493858dae5dd781c1bfc2a80053cb.mp3str	25039	0	148430113cf51329076436a53ae6c928
.godot/imported/band3-012-033.mp3-ae9d573f8008eaf3abbe0ebc2475f0fa.mp3str	27963	0	6551cb68e313cb39bc44dd05c30409f0
.godot/imported/band3-014-011.mp3-f5d2b3edffea62b9a4a860066133811c.mp3str	6231	0	de5371b266eeebc29c29f230f6241dc4
.godot/imported/band3-014-015.mp3-c984c9d5634916643bdc3f3c8c1cce0b.mp3str	11247	0	45076ad34d83dad3ba389703c8e32e6b
.godot/imported/band3-016-025.mp3-65625d4809b77cc403fcf1e869987017.mp3str	69343	0	558b9774a7e51aeeaa6c714b73e4c31b
.godot/imported/band4-003-006.mp3-8a94c01fa397a012901df49dea1649e0.mp3str	55131	0	688abd4aabec8a4dadccee7af24e53b2
.godot/imported/band4-004-039.mp3-6132eaf2c9f8a90378c6f881aa93db85.mp3str	15427	0	afde0b454ddf8b8604f778d405c46379
.godot/imported/band4-006-024.mp3-623de10012ea496d0a638493b3ac2195.mp3str	51787	0	75eb4567624bbfe7306b9d7140f40748
.godot/imported/band4-007-040-1.mp3-703865d3791f109e80e74c924d7c04ee.mp3str	25039	0	53e432872a853f44a3848d7f0c3076e9
.godot/imported/band4-009-024.mp3-ee6c6a6570e48cad8a3bd5213f38443e.mp3str	11247	0	1d45422ee2548db0cbe487193b8bd257
.godot/imported/band4-015-002.mp3-72d114cb113e4248c3482e7b95f56157.mp3str	9155	0	dc6c094a3a7cd7c82fea88d430a2b7b4
.godot/imported/band4-020-008.mp3-edd8b00b072fbabd0bda8f46ff2ffd20.mp3str	14591	0	5cdcc97d8035a3e017aa249328356d37
.godot/imported/band5-002-019.mp3-ff7f6c67e2b5c07583966fb7c07914fb.mp3str	16679	0	a54593d74dba2464148239f404ae76f5
.godot/imported/band5-004-048.mp3-380f7e495e412383f9aeb7db1f064629.mp3str	16679	0	f6bb7b3f54419997c15fc60838749f05
.godot/imported/band5-005-033.mp3-f361ce38fd4c9f7de2937b3f882f689d.mp3str	27963	0	a531c0e604c481c7e2ce16c69bac0294
.godot/imported/band5-006-019.mp3-13c9e453be15d004308162fc935dabbe.mp3str	10827	0	4519ef1a44fe94f1acb3bea7ef4fe080
.godot/imported/band5-016-038.mp3-6367eeea74907566ff2e667bb73f3669.mp3str	37579	0	2c0e6f195374ce9c4d68de6d96d43644
.godot/imported/band6-01-014.mp3-1ed68c40eea39fd6da151a1470707c9b.mp3str	35907	0	6354e0000b64085390837c48f6c0fb26
.godot/imported/band6-02-022.mp3-c348b0040587c5f7c2d3a69085ffa260.mp3str	11663	0	9dfa8d66545561bd9e1c1c8b73a7e782
.godot/imported/band6-07-043.mp3-97bb4b9c328d7f1d1730b25e33de874f.mp3str	47607	0	78ae711cfa43e82b843448ed569d8aac
.godot/imported/band6-12-039.mp3-5da5c169472963cb65d747496b1257df.mp3str	9991	0	bcf6ade17c8aadacf39c60998c4b23d6
.godot/imported/band6-13-035.mp3-a4c16862515e946d49ef5d22b4100534.mp3str	20023	0	0a33dea08a5f6139af4371a503d72608
.godot/imported/band6-13-053.mp3-a70f5069fe163784e67a7c3f813e0bf6.mp3str	54295	0	8b6b6e8b15c9aa804daeb9102a30d846
.godot/imported/band6-15-053.mp3-d2788162865817b918204909a8b5e305.mp3str	18351	0	787488bcc7028e002a0219b28ee51959
.godot/imported/band_mygo.svg-4bbe1348bfd9ef25d17820638c0684cf.ctex	40546	0	4fcd87505be2dff315bda593796ed446
.godot/imported/call.wav-31ae2779d5b5cb631ddc57502d3bf17f.sample	19859	0	71f3f6437c92e19382f419de1f6340a8
.godot/imported/celebrate_combo.mp3-01243ca2789198b01d9f44dbac6a0917.mp3str	29635	0	fea29890063d49d23422dc5779665fc4
.godot/imported/celebrate_combo.mp3-0958bb5da546d96919fa52226ba9fb62.mp3str	34651	0	02220c2a82039d8cfa0de82d812e0d0d
.godot/imported/celebrate_combo.mp3-0ecf2c09b75b90873d380fde8a77e09d.mp3str	39667	0	28fe714dfff961c091af8feeec906a4a
.godot/imported/celebrate_combo.mp3-1a1d1344c10766584f503cd5c356d2df.mp3str	29635	0	13f23d9e23710de342a3cd605acaca81
.godot/imported/celebrate_combo.mp3-1ce62798029c96b0d215c5cd0ecb7cc3.mp3str	43011	0	c739175063f99607c1c588fdc1354858
.godot/imported/celebrate_combo.mp3-20dd2fc0c9815927dbecd4f05be88b74.mp3str	41759	0	670108594724938c0c59e1be681f7107
.godot/imported/celebrate_combo.mp3-25915133c24e7747c9c203e92adf578e.mp3str	89403	0	76ebf15278da5141b300253b184936d6
.godot/imported/celebrate_combo.mp3-2c42b2d789b0153138eb1300c6d471a2.mp3str	24619	0	920862acb02e085548369a2002c1f628
.godot/imported/celebrate_combo.mp3-3b6d43e681b08b9b8c68a7c703e8f31f.mp3str	78119	0	2f87cc1cec26494ce4e6bf117d0b3a23
.godot/imported/celebrate_combo.mp3-4591bddb4afcff0baeb9afa10042b654.mp3str	69343	0	b0c0464e4b7a43612659869bbba22d6e
.godot/imported/celebrate_combo.mp3-4679e61c8294bddf39531deb740631dc.mp3str	32143	0	810695c19bf5741f0e1cd8cc4ef850e2
.godot/imported/celebrate_combo.mp3-469180e0676d34e3a8b840fcfda90334.mp3str	63071	0	8d7ccd804e7040bc34c8e6281821c0ba
.godot/imported/celebrate_combo.mp3-5c37643ed5e1ccb26346ba12a8cf129a.mp3str	43011	0	fe420799292bb1d7aa4ab03635817a82
.godot/imported/celebrate_combo.mp3-5e83c5ac20eedfdf5001e63809e6b6e5.mp3str	40503	0	5bd658d3a7d6af3a4c6930b7384d272f
.godot/imported/celebrate_combo.mp3-6e6fe032d7426fa827c756e1f51ae41e.mp3str	35487	0	2a75acf83a23f28a15dd49792dff8ee4
.godot/imported/celebrate_combo.mp3-6e9b5fd1ee1b0842c0f04303c998a184.mp3str	32143	0	c10f6074668b0fdb46f18537292bbaa3
.godot/imported/celebrate_combo.mp3-6ee41a1adaab4243cee89257567ec30b.mp3str	36743	0	23d1d1288929604393e7fcff644745fe
.godot/imported/celebrate_combo.mp3-74146096b727a21df63de884e9c73930.mp3str	30471	0	9255783af904b083a689c8e1bf371e49
.godot/imported/celebrate_combo.mp3-7eaf5a6c728092a1c8116970c1e49b1f.mp3str	24619	0	3f741a768466766042a8bb80935cba09
.godot/imported/celebrate_combo.mp3-7f466b38c859448060bac06ce32b7db1.mp3str	44683	0	1db0e6f0a58073a768ee7656b670116d
.godot/imported/celebrate_combo.mp3-80541fd822f5e9a4e8ec4f21d2dcaca3.mp3str	26291	0	4398b101fc873ff8853fab127232bf80
.godot/imported/celebrate_combo.mp3-923498f4ca44a5757cfcef66bae4c460.mp3str	68507	0	8c49c313d5bcef6f807e33d6b299fa50
.godot/imported/celebrate_combo.mp3-9237f84846f50ca636ceb02e17a70b64.mp3str	29635	0	1fb9cb9b5afb7d44c3f5f3a0b09033ab
.godot/imported/celebrate_combo.mp3-936b03adf98fc146fc41067376993f84.mp3str	41339	0	6bea8af620bd508675640a31abecace9
.godot/imported/celebrate_combo.mp3-a341aaba1b4138b251da2fd1a7e51e14.mp3str	40087	0	4d06f0584a9ad362563d460ecb7661c3
.godot/imported/celebrate_combo.mp3-a790c80a5a642ef87a3293a09ffd5e9b.mp3str	54295	0	5fb61a87d368fcd4b638e8b55cab9b39
.godot/imported/celebrate_combo.mp3-aaee42ce6a4c74d45e52177e334a5b70.mp3str	81883	0	4a42b6e0e6b34117ca81d87044acf5db
.godot/imported/celebrate_combo.mp3-b1e23cfde5c1f530e06f3f6b2a3a2877.mp3str	35487	0	4ed9cdd82380b0714ee9b5ded633c910
.godot/imported/celebrate_combo.mp3-b4c9b9e035435b1eac2bc769369cc254.mp3str	61403	0	6061f037347853e8ea0ed5aa942813d2
.godot/imported/celebrate_combo.mp3-b5e575269752914febed832051a9151a.mp3str	39667	0	7a3f44b904ca34c662d27c7143f53696
.godot/imported/celebrate_combo.mp3-c003a6e6a62b82d86d67b5df066e63e7.mp3str	34235	0	2e0014735ada77f8218a39e7a979a22b
.godot/imported/celebrate_combo.mp3-cb0214229a0ccc3e02a8b1192623ee1b.mp3str	61403	0	478312a25f4b05653208dee0249f56fe
.godot/imported/celebrate_combo.mp3-cb6f5a90f0a229145232b7df05b23fbf.mp3str	35907	0	dc53c2dc916df4d977a4c89b7563f1c8
.godot/imported/celebrate_combo.mp3-ce97d7085918b31dc001628c805ed8f3.mp3str	19187	0	4c329bfeec11026dcd9eee90a910f7ab
.godot/imported/celebrate_combo.mp3-d20b19d9e4efa50d00b5a570d3c1f7db.mp3str	32563	0	8dcb2d93494ff0c2ec24e11e9ba25fd0
.godot/imported/celebrate_combo.mp3-da77e7b87f4e326529fa59c570f4dd54.mp3str	46355	0	98b65b22b2a4579adf412b55bec2c400
.godot/imported/celebrate_combo.mp3-dad889a8e9d4706042411c29600cbe52.mp3str	30055	0	7c43a8b8a95884c4d5bf906891b86944
.godot/imported/celebrate_combo.mp3-db8de706579bcb0375d4961d835a2b30.mp3str	31727	0	fac64e572b6335e9bc723efc39e06a69
.godot/imported/celebrate_combo.mp3-efef651989186d34cd82537568dce015.mp3str	37159	0	6b651ed187c55334376ff302b3543a43
.godot/imported/celebrate_combo.mp3-fe51c50c713634a5a530eec3444e6832.mp3str	35907	0	10fa49a9943fd23d070e3c0848fb67da
.godot/imported/celebrate_perfect.mp3-04715df0f1e941499b4d26da9af4a655.mp3str	37159	0	f90c3ecea5ca237338597780688f2110
.godot/imported/celebrate_perfect.mp3-06907384e84f3743aa8718d23e0b387c.mp3str	36743	0	69455fd4268ea3081938a0b49db97642
.godot/imported/celebrate_perfect.mp3-07990625eaf0f9c33e4c5834c9dc28a8.mp3str	26711	0	41862861358bbbfb983cf5ffba6399d2
.godot/imported/celebrate_perfect.mp3-097e5688f3658fcdc0ffd44957c95c50.mp3str	74775	0	4d3ac66d1ed5d894142df71eb24634f8
.godot/imported/celebrate_perfect.mp3-14786d528b2471f7e00c85a77cfad109.mp3str	30471	0	ed18bb1c02f8d674425541985a39e972
.godot/imported/celebrate_perfect.mp3-1abe3f4f30a809546351026bf3779fd2.mp3str	29219	0	fa41ec1e5139c3ce211c8c632c2f7817
.godot/imported/celebrate_perfect.mp3-1ecbd7794d85081dc39b817564dce94d.mp3str	45519	0	bed19db2df50af355821b9a45546c8cc
.godot/imported/celebrate_perfect.mp3-2e6821780687e230efb4f1baa61f996b.mp3str	20443	0	05e8bfc7a4ac5b916ca75a326d9a2f44
.godot/imported/celebrate_perfect.mp3-348d3466359cc26429df5c8d7d2820db.mp3str	40503	0	2c24a79ae586ed61be4ec76d2abc6d03
.godot/imported/celebrate_perfect.mp3-34d584073fa84f89e31228789fe8f8d7.mp3str	62655	0	c88eaa7ba9e2ba5b7d99c304a72e437b
.godot/imported/celebrate_perfect.mp3-3aff24d62f5835cfe391d20c015ae206.mp3str	50535	0	b4fd3201892b4c7a48cc754b12ee329b
.godot/imported/celebrate_perfect.mp3-3b67c8dd60f99af80b55c47141ec145f.mp3str	58475	0	c85b969f0af302d13e40b216136f09ee
.godot/imported/celebrate_perfect.mp3-4ba473179eb622716b208241719ef927.mp3str	44683	0	7809981efa2418f5ffed9188590c6977
.godot/imported/celebrate_perfect.mp3-50ed992382361567f40788206c84afff.mp3str	14591	0	c6e357807cf68df041180ac367cd6e8f
.godot/imported/celebrate_perfect.mp3-67b5c0b0bf6ad3c164e2ca151918f222.mp3str	60567	0	d7beccd9b7530b5885eddf823938ab7b
.godot/imported/celebrate_perfect.mp3-67c301cfe74ee4a3b69cc82cbce242d8.mp3str	30055	0	a145f46a5853ab77cedaff45cbf3fe75
.godot/imported/celebrate_perfect.mp3-6d172a8150663746e2cd0911bbfc14ac.mp3str	40087	0	e51f66f3191c9c70f3ddefccb03f0e70
.godot/imported/celebrate_perfect.mp3-6e3b8b065c7a2e915c2229a3194c78d1.mp3str	39667	0	84747f561daffed7997068fe4b263059
.godot/imported/celebrate_perfect.mp3-6e9a4313d8f872f5a6d81c5104d8ab6c.mp3str	58475	0	d2a8414320cdd9b85ee1f484baf1d3a7
.godot/imported/celebrate_perfect.mp3-7627e18b826e0b6e5222ea38437e181b.mp3str	48863	0	c921257269c9f4fad17f4220fc5b000d
.godot/imported/celebrate_perfect.mp3-7b8c2170ea8443e4f5117e59f1f6ce4d.mp3str	50115	0	ce489a316b11a69d7e21d102a0cf6e8e
.godot/imported/celebrate_perfect.mp3-855437532225ef9a25ad11f47f189003.mp3str	14171	0	89186d15556c6ccdd224298d58c7e6af
.godot/imported/celebrate_perfect.mp3-972f4ef8b075bacce0b6a2c34decfb70.mp3str	32143	0	5164156559aae9408a28fcb27b995f18
.godot/imported/celebrate_perfect.mp3-979bfd55fb29bdfe35c576920adf26e2.mp3str	30891	0	7ecff31f0b43cadf3cfb6546b4c6a34a
.godot/imported/celebrate_perfect.mp3-aac17285750fa5ab4405c2445177d622.mp3str	35487	0	9f52f4655beb66ebca9c69fd4eac7253
.godot/imported/celebrate_perfect.mp3-b82b7c4e5f92b426a2aa4e84f6b86055.mp3str	41339	0	df5053e14a77c7d944fdef556bac5ea3
.godot/imported/celebrate_perfect.mp3-ba4aadfb129307ad501512d9f7f15a29.mp3str	27127	0	dc6bc3d343fdaf6a7d53a5512e6b9608
.godot/imported/celebrate_perfect.mp3-c2294bc47297afdb144a27c497719f39.mp3str	47607	0	655fdf916e4178456bffef678a4aab0d
.godot/imported/celebrate_perfect.mp3-cb99e06b58e2927105519631ae5b35fd.mp3str	64743	0	5f8897f36abd2457c39b828ba56f7946
.godot/imported/celebrate_perfect.mp3-ccaf3e217e56ef5c09d59cec3c3998ed.mp3str	43427	0	b5a362c9ea7dda84bc2e20f5b1760de0
.godot/imported/celebrate_perfect.mp3-cfcd4b40a24f9527932ce0164b50dd70.mp3str	40087	0	b2208f80ed94c6847f2d39e19dd37e4b
.godot/imported/celebrate_perfect.mp3-d1a05cbb8803e1e96788608182ff8b4f.mp3str	44683	0	c9b1dcf6760f3115fdf9dd4a1e4cc9ad
.godot/imported/celebrate_perfect.mp3-d3ae70e775f77894397e87e6e1cab72e.mp3str	23367	0	5a9209a52e6ddbced07a90588d0a39a8
.godot/imported/celebrate_perfect.mp3-db72d3489c97d5860547fc827b6a4a7a.mp3str	38831	0	5eb2459d38c3565fc7368ac1029889bc
.godot/imported/celebrate_perfect.mp3-ebbc2a0532177991408c4302b157f64a.mp3str	31307	0	12a9fc76b1fbc2867f9e3468053eeb19
.godot/imported/celebrate_perfect.mp3-f1aeba84f13795ce66d10dda9afbf830.mp3str	35487	0	87e85a4266181b62d19bf040eec2225a
.godot/imported/celebrate_perfect.mp3-f48a26e4a9a919183e54b3928a59b166.mp3str	53043	0	af209162dd0cae562e91ed1b9b4f917b
.godot/imported/celebrate_perfect.mp3-f9989b614e4eb720a14f6e57c5111b5d.mp3str	24619	0	d19adc6ae220836484f8ace9aef3b338
.godot/imported/celebrate_perfect.mp3-fe0a9b8bf444f2915095391c9510a864.mp3str	38415	0	8e9458d7924349268db95f710895c2d9
.godot/imported/celebrate_perfect.mp3-fe9d58daf58841a044ec435340ace9a5.mp3str	57639	0	e965c399fa2d5dd5599db049ad1274a6
.godot/imported/celebrate_retry.mp3-00adc8d83119dbf46c3475ad200988ef.mp3str	28383	0	5a241476c7e0bfe6289fddafe935b418
.godot/imported/celebrate_retry.mp3-028d436783d1a5babedff504ade50e06.mp3str	48443	0	b76f0767ed61b134af5cdaf5922726e6
.godot/imported/celebrate_retry.mp3-0bdb1a4274288f3ae1213b9967e8764a.mp3str	44683	0	252af8669c7961b5dd16f222a608faab
.godot/imported/celebrate_retry.mp3-110273f975846e332cbcb534dfc579a8.mp3str	51371	0	2f278a5ba98cea81e9bbface0c0bfb60
.godot/imported/celebrate_retry.mp3-14f116c69e38c3689d416d0053a6e9e1.mp3str	56387	0	526df740ef0161fe86255fbf3e0154b9
.godot/imported/celebrate_retry.mp3-1c87916163c683b6d228d5887d3582af.mp3str	40503	0	0435cdf21c51274638d63223c481d5df
.godot/imported/celebrate_retry.mp3-1ca8d6357a56bac210c692fc943d4fac.mp3str	49279	0	028ab386b0139be6dffa9567e5140523
.godot/imported/celebrate_retry.mp3-1d52f940654407e11d70ba0d55e1310b.mp3str	42591	0	2e51c6d73bdfdd8a2927f677e55be3a3
.godot/imported/celebrate_retry.mp3-20907f512f441edcd9e4b599006e5dd7.mp3str	26711	0	aadf1e055f69970b17d5ab8e4fa3fa2f
.godot/imported/celebrate_retry.mp3-20ee2bd884adb52dabb0f1f5eabea982.mp3str	34235	0	2a42db0ffed07c3f0d97818e0328fbdf
.godot/imported/celebrate_retry.mp3-228558f45b0b25f7fcecd088bde6f4ca.mp3str	35487	0	66c6be50c219ba5ef2b1d48337ef9b86
.godot/imported/celebrate_retry.mp3-26f883dc67a685a6d6e0568764fd2e8f.mp3str	30471	0	7e88fb9004243e55d4ea1b50fabd9f37
.godot/imported/celebrate_retry.mp3-36ccc59af188942b13eb0f4582cd2a06.mp3str	34651	0	3e622a9038afec1149832ddfe3a92004
.godot/imported/celebrate_retry.mp3-399c6c5dcc6facc217554006b74a220b.mp3str	42175	0	4c7927a24175ca362435254ef4db37e5
.godot/imported/celebrate_retry.mp3-3ab6c7ed016187628026ead4057972eb.mp3str	61819	0	1b4f8cd65a2470174df8e94621be45dd
.godot/imported/celebrate_retry.mp3-3d2e55d83badd2cac82526bc2741f2b2.mp3str	45519	0	bd47c20f800bed6448f4bdc8afaf9beb
.godot/imported/celebrate_retry.mp3-4c40ad54284dbbcc262645b55f65ee12.mp3str	26711	0	6e87bb8a0183dc7cd59b306d0524a659
.godot/imported/celebrate_retry.mp3-551a85e6150096b5a06ecf43816b9e28.mp3str	45935	0	5d0e8183a8bb677d93daec24fa2910e4
.godot/imported/celebrate_retry.mp3-599df16bbc1dd294d3c2b012cff67d3a.mp3str	48863	0	3a1127a0d624263d86a63637a1e12734
.godot/imported/celebrate_retry.mp3-5a5cb56532704746e2e6bb934a09bf7d.mp3str	35487	0	8c6db66e5de19d78223c0ebf2e703553
.godot/imported/celebrate_retry.mp3-635376bf5dd39064174637720f051fca.mp3str	44683	0	70d7ac7d4503dd59502050dec3687624
.godot/imported/celebrate_retry.mp3-65fae5dd44cad4ce0b45981d54dc1997.mp3str	43011	0	395d9e754891b567517b0e6581ee14e4
.godot/imported/celebrate_retry.mp3-68d887c5515862b2786233286cde4bcf.mp3str	58475	0	f5437b8fe326baa8f9a482a6ed75fc83
.godot/imported/celebrate_retry.mp3-71ec4ad3da45251df440beae88a111bd.mp3str	35487	0	6bd81acdda24d1118128fefe270c10b0
.godot/imported/celebrate_retry.mp3-848362d832adaf35c4cc81b3913820fb.mp3str	32143	0	b0d52e160cfc5d8123e7b7a7bba9969b
.godot/imported/celebrate_retry.mp3-912f5c89ceeff56fbb7bef4763ce9a52.mp3str	17099	0	b05f079bbbd31f5a95e6c05006f8398f
.godot/imported/celebrate_retry.mp3-9b3025e6824024866c5770904cfd13bd.mp3str	53879	0	59664f6b4290d8b8f968fe9512373537
.godot/imported/celebrate_retry.mp3-a840bd91cf0666fdd0a022e40f111300.mp3str	54295	0	8d0bd53e784d2dd81ea56eb88492cb11
.godot/imported/celebrate_retry.mp3-aad47f9f234437f5ebab45806b9acb40.mp3str	48027	0	764731ffc75f14fd7aaf88b902dc5173
.godot/imported/celebrate_retry.mp3-b36a80cacdcd7f16e358253945a18631.mp3str	60147	0	a8ebb953dcbda89631d75d239b14c529
.godot/imported/celebrate_retry.mp3-ba24f6825f18ea82a17a2f6401b6b408.mp3str	24619	0	16d07a2b564bc4f5c7bb865a75fbb94d
.godot/imported/celebrate_retry.mp3-bcbdc098d301e661e7bf82dfc7e9120b.mp3str	41759	0	bef71a933c5ce0a1d9c63a5bbe0d0b79
.godot/imported/celebrate_retry.mp3-ca9bee38ac2db6211e5863069705d430.mp3str	42175	0	d2756eee13435840b14fe8f6b62cce0c
.godot/imported/celebrate_retry.mp3-cd922ed023830a282c09ce9a7f8963dc.mp3str	49699	0	8ce7db60202e10fb2ab1cd87d7046e4b
.godot/imported/celebrate_retry.mp3-d44c9b8bd608410d47e5fa41d9d0110b.mp3str	41759	0	7db0ee121b96da7ca1481d5c78472c5f
.godot/imported/celebrate_retry.mp3-d7e3b1768020300b7b8810aea48b8a23.mp3str	53043	0	e6a59127140a648d974765512c5ab11d
.godot/imported/celebrate_retry.mp3-e67c3c49a1094ffd24d3203c1891e834.mp3str	50535	0	cb2ec7c159076a32ec609649b1530376
.godot/imported/celebrate_retry.mp3-e686ed34b38c738d05e2772c3cbc2619.mp3str	62655	0	2d36bb21aa5ad01f3cb892a380be587e
.godot/imported/celebrate_retry.mp3-e7e540577cea24e1611a1bd5353745a5.mp3str	32979	0	e55888d0350ac7ee6a2617e2827d0acb
.godot/imported/celebrate_retry.mp3-f66ba4bd84d30603796d341040864bc3.mp3str	68923	0	f4297f7a247455f1c7a5b75b8f67b86d
.godot/imported/combo.mp3-051f2431c49077742c2dc7e502e40399.mp3str	21071	0	4c8c115185e133d294cfcd27d11a6ef9
.godot/imported/combo.mp3-09cc6a13d15bff82cf0a50df8afd79f3.mp3str	19919	0	f0a90d238603080720a2db057128b12d
.godot/imported/combo.mp3-1d16301489370da68f88b64ed4c6d653.mp3str	28595	0	bd31472145432aaab99be24a7cfdef11
.godot/imported/combo.mp3-1d302aba719b20c7eb84a502ac8e2908.mp3str	40151	0	34d789e41379693fc8862eefec4bd7f3
.godot/imported/combo.mp3-1d8181a356f0c6f5b905b1f290c5fd3a.mp3str	26687	0	2180054be8d23db7bba3d531ee50a51c
.godot/imported/combo.mp3-2a8e789f3a4204ef0493e588c3a900f7.mp3str	60563	0	f2bf5f97b7acb26f5c2ac5b4774f4a6e
.godot/imported/combo.mp3-2c859f0fac286b3e88c2052e563ecb02.mp3str	30035	0	2f1ac4ec6a0b610936207738d35e55bf
.godot/imported/combo.mp3-2d62588ed2e98a96f180b11ac9c49176.mp3str	17327	0	13a1869fb771792346080a6751cfc01d
.godot/imported/combo.mp3-301936c03766e80b0c27a1b30da5348f.mp3str	24887	0	36d57e1f8e1039eaeb2c518fc4c2e819
.godot/imported/combo.mp3-3fdc458db476c3ff3aadb9634b26138f.mp3str	26579	0	5f3340ed2fb2eb3c32b880c061b39db9
.godot/imported/combo.mp3-41e10efe2195c92663dff726939500e1.mp3str	30611	0	93b48f0b4986f77040ddf35cc55de710
.godot/imported/combo.mp3-458740cf1c81b569fae4864dbca10dbe.mp3str	24455	0	ea213e49d0d8a456149e8106100769a8
.godot/imported/combo.mp3-4d6c5800f7ee9bab88ad561c0d172afa.mp3str	22655	0	e7b915cb0e75c653a7bbe508aa2d5022
.godot/imported/combo.mp3-5554a7b3cb4d64c597d07d26209f161e.mp3str	22367	0	e3bf214aa736d1b1fc5510da72a24193
.godot/imported/combo.mp3-598e2c8ce8a0f3388e760d7bae16f20a.mp3str	21899	0	b045616cacdf43ae3373cc616332a745
.godot/imported/combo.mp3-5aaad10368fdc67c2ebad711e3b24b3b.mp3str	45335	0	e30437721c56db0dc0d80d55eb0daa3a
.godot/imported/combo.mp3-5e0c1b95e674f94377df97ba904045c5.mp3str	18767	0	9aeab90b239665114f794705e4cdec4f
.godot/imported/combo.mp3-6f47ca5ea689030c8b993b4c473139fe.mp3str	21071	0	9422d5c438600538f0ea5fd14df32357
.godot/imported/combo.mp3-72c31764cfc3a251c6360573812898ef.mp3str	25643	0	0df72eef4bb9cdc1d5477543ae801875
.godot/imported/combo.mp3-75ddb0d6e578486519cc6e030c882ab1.mp3str	51815	0	095fc05a442fddf406e51ddf469a54b9
.godot/imported/combo.mp3-7979013bd6da7b2a96b1ca9a4ca05322.mp3str	24455	0	3d61cd278122e209be069033c4142e1b
.godot/imported/combo.mp3-79fd3a2e8358995fd539b14446786009.mp3str	26291	0	50e2f07df5c5469d1e64f671a6f93cec
.godot/imported/combo.mp3-8210560f6ca95ee313c91698f0db0c09.mp3str	19919	0	11243f685b62bed1213e0c886a4d7c38
.godot/imported/combo.mp3-8dd51f473d5f1ca445ac49f0a8ad761a.mp3str	16535	0	6b6aa57b6b897097e2b06800f2b8a8dd
.godot/imported/combo.mp3-96210215fd6b2e5059a172f1610f1973.mp3str	49907	0	fb2d1cbc119d97160f14053c66a72456
.godot/imported/combo.mp3-aecc44aec15827bd1f89425c1b64e5bd.mp3str	20495	0	16f1def020a405a2dc506cd634c74f5d
.godot/imported/combo.mp3-b3276082b088d8d5bb199886335c0774.mp3str	40871	0	a74afa7c36c8025a79793481d8d11ab8
.godot/imported/combo.mp3-b4678acedac7173587d343ef1d647944.mp3str	35759	0	9d6731f05ed8b8271492189a4b8e3336
.godot/imported/combo.mp3-b749f500a70d24cb0919ae56f702d7de.mp3str	42023	0	23ac8988c4aba6438e4ae8b514a3dd95
.godot/imported/combo.mp3-bc1767ede5715b16e99fb7e636f1c071.mp3str	24743	0	15f573841343bb812d438cbe83e946ee
.godot/imported/combo.mp3-c9ab97fa931914dd53039d1d8bd8af34.mp3str	24239	0	424d0f41e4bdf7bce2d5917ce23d1c3a
.godot/imported/combo.mp3-cb3d1eb87d8c4b251fc3270944bd364f.mp3str	27083	0	35b8146b4a96c14c3b6d994b46c6f403
.godot/imported/combo.mp3-cf53f121ae990f0dac820e76c625bb24.mp3str	28343	0	91a2c4aa9ded549f66dc71bfe4363714
.godot/imported/combo.mp3-d61c42c4bb7fa0fefa2a07bb37e28ffc.mp3str	14195	0	ace6f71c359e138b8b2274a7f9cf8735
.godot/imported/combo.mp3-e001a44b8d0dea13ac0814efb94aaef4.mp3str	36623	0	ac25a1a26f08e1386388ab0f06dc1aca
.godot/imported/combo.mp3-ebd5e9c2c372d420b6536bc5484065da.mp3str	17075	0	639681ff0143da1604fd76feeaef90ad
.godot/imported/combo.mp3-f1118518410374af654395daa9ca44b2.mp3str	31835	0	227acfe00321ae55de5efd622c64e663
.godot/imported/combo.mp3-f51cb219961b66f1fbe1e2a77ed0928c.mp3str	23267	0	7cbdcb75722c6b056e127508622480a6
.godot/imported/combo.mp3-f5773cda5c571c8b2907495b5865fd46.mp3str	22079	0	60e0c528fa2f9fd50f4bb837b91c999e
.godot/imported/combo.mp3-fc7996c8c7b71fef07e090a57346db3e.mp3str	31331	0	57849736d18854264c466637858b3b0b
.godot/imported/combo.mp3-fd01309280ab7ee8ad8a172dde2a0f0e.mp3str	29963	0	32157bfc21b686553f3234ae030a68d5
.godot/imported/combo.mp3-fdc2015b870c28dd4a17dcdfb7266d50.mp3str	23915	0	e97dc1677880793343c0763ccc464fed
.godot/imported/combo.wav-20b0c72691b9379cd62394df754956bc.sample	29835	0	8ac8966eafbd81a898856c373b85b7c7
.godot/imported/combo.wav-2a04287ea2f59f8b878a52775448126f.sample	45307	0	29179d858d85c44aea0dbbec3760a160
.godot/imported/combo.wav-7954b0d9e103eb62bbbf77a64a1c1e9e.sample	38875	0	6f4388520bead6e45ca6a34ae2878304
.godot/imported/combo.wav-8692388859962b24ea73c92683bd5b34.sample	93395	0	62185b574516ca34380166e3e1081189
.godot/imported/combo.wav-b7415d29cf958c5706ea7331c9cb8557.sample	71827	0	21bf8d85cdfd0babfbd90cf0ba8f2f7b
.godot/imported/effects-commonefftex01.png-5a09342a6a59a7954eeff4e4c992fce2.ctex	88298	0	b38014a17a5ed55da60f71e7e1268bf6
.godot/imported/effects-commonefftex02.png-43a206894a7ba0cd7a39bb1b6b4b68c5.ctex	96354	0	bb368962311970c3f263da4c5abf502f
.godot/imported/effects-effect-circle.png-80f2f72cfdef66e8cb6a29c8d90f12b2.ctex	21578	0	7f92b9541b0f66692e9e9a7b6f53136f
.godot/imported/effects-light.png-18e10ab92c010e8771dfcc906878d435.ctex	8692	0	01b7e19ed111a3fe6db562cd07906159
.godot/imported/effects-tex-parset-1.png-4c6f448671b2f549dc1e9d799d1a8d91.ctex	154040	0	5d5e0cfe91b0afd7ec2970733818bac7
.godot/imported/effects-tex-parset-2.png-eb2d0cd4f74fbc5ce42fe730bf972707.ctex	86886	0	421f989a8221afb4a6c626d2206d29e4
.godot/imported/event117-05-007.mp3-c9e222f6807852bf0f704a9f481c371f.mp3str	36323	0	149a48b1f2780b409f16f597e3688ef7
.godot/imported/event117-05-041.mp3-6ec4f4b295ffee728a44c285f33dfcdf.mp3str	26711	0	c3ff0f5325559be3a0aadcb8639f6a30
.godot/imported/event117-06-053.mp3-7e7dc93cd87bae1df3da6fa0effa928a.mp3str	36743	0	86e7de45b6a541774254d248ee036bf3
.godot/imported/event117-08-042.mp3-9b4fe300ccd5929e9bfadd51bf3066cc.mp3str	14171	0	b3e07f7dbaf545b9401d6aeafe4ff74f
.godot/imported/event117-09-042.mp3-0e5b2c1cf9b06beb3474a5c19807894a.mp3str	18351	0	ad17e024e4e6984131182068d114a586
.godot/imported/event117-12-048.mp3-f674ec6ec12369e0b30cacd35c4e4147.mp3str	27127	0	00484890e27be3da6cd03504593125d5
.godot/imported/event117-12-052.mp3-8ab35623fbbd4ed3fe83ece194cd985b.mp3str	13335	0	3e333462a1a671782d32b270c12df266
.godot/imported/event125-01-025.mp3-62ea16f396ef1dc82df4a158a7f1870b.mp3str	19187	0	42d639fa2c5bbe51ae3c5bb67b5080a3
.godot/imported/event125-04-009.mp3-c73b92381919795327810f45780ba9ed.mp3str	14171	0	0a0b940ac1e77d21fd409f260b97dc12
.godot/imported/event125-04-032.mp3-ae0feed98e0796f10f479346d2938d27.mp3str	45099	0	7f63c17f0322ecd7df84198008f0f32f
.godot/imported/event125-05-047.mp3-f755e35c0420a51565ad0b0d13d8b0f4.mp3str	28799	0	0eb723a1d0fdb967e42ec2ca069d3188
.godot/imported/event125-05-050.mp3-3d5f4f9364c3d246f13ef81eebac47dd.mp3str	10411	0	9245d91f9a324acd7d73f5fee2e4d234
.godot/imported/event125-06-024.mp3-13871bda95efba00e1afc0fb14b73c58.mp3str	22947	0	d252827e1e284f453caed00378d0e1f2
.godot/imported/event125-11-025.mp3-30d41dcb9fffd656a2e5dba7ae3f113e.mp3str	24203	0	3980aaa1ddfc5fca80fa02c3e4ebf7a6
.godot/imported/event165-01-057.mp3-86cc97716bc63820fc96f5b0c3a743ca.mp3str	31727	0	565342b6d9825e81270942ae19dc2ed6
.godot/imported/event165-04-012.mp3-9adafd3597f2eb77e8201f8ff4291798.mp3str	49279	0	52cde70abec715334fbd295bd756832b
.godot/imported/event165-04-035.mp3-12241b3b567602fcaf55bb832cd2f6f9.mp3str	14591	0	59614a30d3f189333c80722b8af887e0
.godot/imported/event235-03-068.mp3-cda76242b7987e43205c3cbbca180d31.mp3str	28799	0	174c8fbe2c5358fd5e6ad1f536cfe302
.godot/imported/event235-04-052.mp3-1f31bbe0b50c57ae70abf56625cca8a5.mp3str	19187	0	c8168d991ae034f497f2d6aa815b8106
.godot/imported/event235-08-020.mp3-5d83f04981851005d9878b789ca7bf25.mp3str	10827	0	f7345090c9cc9ca01882ccbe8fb1426a
.godot/imported/event235-14-034.mp3-c26572bbb2106422d75a8cdff0f098ac.mp3str	7067	0	bddab8998e5b15d56443e59225e405a4
.godot/imported/event235-16-053.mp3-265283dc1bbb89fcab45cfb27de81715.mp3str	10411	0	18d7f049f1b70bdf848859ae15a1242d
.godot/imported/event235-16-064.mp3-4c360f2f595842b1d315fd83412b1d7f.mp3str	17935	0	1d0f5207af9967ce2975f7569b46b8f1
.godot/imported/event235-20-054.mp3-05d23e5885c9877d53deb7b9fd967fe6.mp3str	22947	0	86c78f2827aeed49caa1a228082720f4
.godot/imported/event235-20-064.mp3-e35bf41828c8054f1bdb9afc5b2d946f.mp3str	12083	0	ae6c200af9bbadf8a7ca2a1591311a00
.godot/imported/event235-22-021.mp3-b6c2e498cd67452a57792c8c30f7355b.mp3str	48027	0	dd82e45fafa81b6d44e25d341f3c39cb
.godot/imported/event235-23-061.mp3-40757acef04e12441441248c6935a4a3.mp3str	20859	0	f0f65828416bb254777d9674c1c28e9c
.godot/imported/event235-25-017.mp3-3283d25aa51d65e0fb7f8b4c91613d75.mp3str	17515	0	1592d415d30dd7471f068ade459c4384
.godot/imported/event235-27-012.mp3-76407c9c49b55d6db4c8433661e13cd4.mp3str	35487	0	768d785d900a0c465d4bba09c2cf9842
.godot/imported/event235-27-050.mp3-06c9dc3f83dea5bca505215f2e9eb61b.mp3str	19187	0	f55dd7c207ca25fc18ef4472dc9ee5a9
.godot/imported/event43-04-004.mp3-fc99e7ba058d3f63c60593d63892dd7d.mp3str	39667	0	a243f4ad2dfdd172daaf89dfcc12e521
.godot/imported/event43-06-002.mp3-5f0a6c520bb2cd10c23dff0107c8a1e8.mp3str	22947	0	5570b10d0b9baac971da6577140a3992
.godot/imported/event43-06-012.mp3-406402e09860bc0b03b39343bfe23636.mp3str	11247	0	156ad827aad3d39d89593668e6105eb3
.godot/imported/event43-06-054.mp3-a03a8a0f2762f4ed873b26fd211aafad.mp3str	22111	0	811c2e5c7d79fe190af09472aad26df0
.godot/imported/event43-07-037.mp3-a353d7349c2310612734a926641a305a.mp3str	78119	0	b5b7602776353c538bfc2c6a9a256966
.godot/imported/event46-03-007.mp3-751c044de4ece3c043272c576add2e42.mp3str	13755	0	44995df85b356f4dae9c3fa46d2b3485
.godot/imported/event46-04-026.mp3-56966f28caf48c6f230e4b6e86d52f98.mp3str	43847	0	06490fadd6d4703321fb3028c7d692b0
.godot/imported/event46-04-030.mp3-4cf7b9aeebdc165005794da10f13f48a.mp3str	9575	0	30f30d7ac07c46a2a2dbb16a38755a42
.godot/imported/event46-05-024.mp3-2c12e11472f33cff8117d1773c18c195.mp3str	8739	0	c879c864837f32538bc6e44d160ab019
.godot/imported/event57-02-021.mp3-af7f8ef669628bc9651d9f532f26b62b.mp3str	32979	0	c3b5501564b2fd2dde86dbbc184d9e4c
.godot/imported/event57-07-043.mp3-a028787ae6657e39d2b531ac9bb719cc.mp3str	5395	0	8a14b0d2d33c3f60fe2f19d839c48abf
.godot/imported/fail.mp3-1fecea3a7649ffef198a0574edec4311.mp3str	41027	0	67de569f350d9eae3f1292eb4bc1c966
.godot/imported/fail.wav-28d5db1b5996c34a0bd53c572fc4c3db.sample	26179	0	afb1f498a154edaf9ef46c8e20bb1b24
.godot/imported/fail.wav-39f06eb87f22285269e497d4f0897eeb.sample	100867	0	92582e36bec687f8093ca8cda7a56331
.godot/imported/fail.wav-4ea8313f3de70674925f3030314ce1fa.sample	49307	0	86742a498999505c43db3e35b1f51573
.godot/imported/fail.wav-916aae7e3bcc660e62a537fbe6515fdc.sample	20947	0	c33c581062c8fa379bef8e19955ae2a1
.godot/imported/fail.wav-b3717a19a7244838c77e9bb4b5e78256.sample	36283	0	21f931d182ac08d357e91498275e7019
.godot/imported/fail.wav-cf6e61d616c79757578214357f03676b.sample	27419	0	ef6f866898881719263195e96b17e747
.godot/imported/highscore.mp3-cb429d431443c7d2e9b161c1fbd09973.mp3str	18335	0	b39bae310174dc47d2aad1c25804f2ed
.godot/imported/icon.png-487276ed1e3a0c39cad0279d744ee560.ctex	422612	0	cbc454df722fe51add7d576421bc5130
.godot/imported/icon.svg-218a8f2b3041327d8a5756f3a245f83b.ctex	4734	0	0c82f7f53d7af110f062a2cdcea964ee
.godot/imported/icon_0.png-21d7b1f70eb8eac8fee24316190f5692.ctex	3564	0	65397c7beba553ccac36fa9e709ddfff
.godot/imported/icon_1.png-0310167ecf0b2f51a8fa3c6f4d04a619.ctex	3320	0	2efe7a61ad98215200ab6b23f3bf952c
.godot/imported/icon_192.png-13c4fe7d4d8560c00091f9e8369c5d68.ctex	33482	0	da3430ab52cbcca02ef20a0ba1aaa101
.godot/imported/icon_2.png-06b2474b89861b93005285adae9b78a7.ctex	3486	0	8cb022b5742c2279cf44ae101b421407
.godot/imported/icon_3.png-82e4dc1ece39d8856a276bc5f057ca1a.ctex	3062	0	476295b9258cf106821b7cb6e5604ea0
.godot/imported/icon_4.png-2330c80ea0bd88e8349dbb119264fb7a.ctex	3512	0	ad33fbb01c1102b6ca1935c80d109e69
.godot/imported/icons-star.png-cd6f0ba9a8e49fb7ec34d4021842e66e.ctex	2738	0	726bc6e5988dc0232d94cd28403246a3
.godot/imported/items-boostdrink-1.png-00e571e8a6f24667962cc2a1b6913c9f.ctex	16128	0	880befa8fd71eb330444002bcbca0b82
.godot/imported/items-boostdrink-2.png-643b1aeced08ec5da3aa299a5348a773.ctex	17272	0	b3ca13657176e3bc00c0e5bfed2436f9
.godot/imported/items-boostdrink-3.png-726e0fbdaa1c3a4369845fb4f8aceb6b.ctex	14814	0	273a758804217f05fe5ca617e449c070
.godot/imported/items-coin.png-ed96dc64f06954cdd67a5a1d65694b7a.ctex	29888	0	482defc2f97d16630002f73d3faddfbe
.godot/imported/items-icon-eventbadge-blue.png-dce88c8f3591993331240f465a8f850e.ctex	17088	0	e74e743edac95ad99373da1a10a0ca40
.godot/imported/items-icon-eventbadge-green.png-9e31a512885d354805df0e26a566ab69.ctex	16780	0	f6e3b4692926cdc036733de953885e52
.godot/imported/items-icon-eventbadge-red.png-08edb346e1fc5f61b60c31226be5c9d3.ctex	16462	0	f04b24212682c4a1baa54eda7831cccb
.godot/imported/items-live-point.png-443546d2fa12e910a6a05a526236f736.ctex	11014	0	429c4ca86832c5d7c4d3fefa90fa7212
.godot/imported/items-liveboost.png-fdf1a1b7635590a1f91a401af42b68b1.ctex	14038	0	68ffda4976fc0b9e639daf85c6f9c9d2
.godot/imported/items-practiceticket1.png-ae7a046826cc2b58613607c6c2435ec5.ctex	16156	0	e212ffe273b906fea6d5145b216103ae
.godot/imported/items-practiceticket2.png-dc48a0aa8342bd38025441af0133214d.ctex	36038	0	c39cb8e55032507cd7b7d40fa2aadca8
.godot/imported/items-practiceticket3.png-2ab34aa498536412537117f46283a37e.ctex	38830	0	343dd872a33771a939b5a8005597c3f7
.godot/imported/items-skillticket-5.png-3921c32060ad85cdc3c229251c382d69.ctex	13274	0	e25c2e559f8be12f24b7b38a553e13ae
.godot/imported/items-star-seal.png-1e5a6942e28a778edc359587ff8579e5.ctex	14618	0	40771d8f1188fe4c5fa4aff27316842e
.godot/imported/items-star.png-1a9278f6236b8a1bec4cce528de45d1b.ctex	27404	0	a046c4b3d3fd1285d78ec251ea78b7a9
.godot/imported/judge-atlas.png-effa727fb12e85c0a51bb8c294c69d9a.ctex	33062	0	519216713ebd3ebf9a0c8758ed5c3c8d
.godot/imported/jump.mp3-01e72e7daa406712e8a4a39c5029d19c.mp3str	34355	0	23d938f8077d435d96653cc8c465f143
.godot/imported/jump.mp3-0439f990feb654cdfbb984b5b1429573.mp3str	22727	0	8fd40b8e1c686142467cc5362c023a84
.godot/imported/jump.mp3-07a14e027b2032c07579f90cb735465b.mp3str	25823	0	ab3a1f19f94e59062c08942b19f8217f
.godot/imported/jump.mp3-185af2bdc36c88db10d2130d2117464c.mp3str	36335	0	dd682f5b8b9fede172f2180240ef16a3
.godot/imported/jump.mp3-19d8d1a61aac7abb975381ba5bb91159.mp3str	22403	0	45040ce141e0f0dcdfa8f4ac3ba977c6
.godot/imported/jump.mp3-1d842a871076d5ce0f92a9d497f005da.mp3str	28127	0	eb0bcc21c7c74212858059b2a5abf4f3
.godot/imported/jump.mp3-1fdd411a525a1e6e1575153f0a3d877b.mp3str	32231	0	59b841536cf52d08b9aab0561fad1b72
.godot/imported/jump.mp3-227574008ce2284c46acfff0ee827827.mp3str	25967	0	bf0330758f8b7d6604fc3600d81ad808
.godot/imported/jump.mp3-272b41e278e7359f3190b2add530b3fc.mp3str	23843	0	c36ed70bd8aa72bc9fa17466f608a5ce
.godot/imported/jump.mp3-2d0d63c6e3c10de6eab0e6a254151bde.mp3str	26003	0	e0d104a5f5e34c89dbf86a192b993731
.godot/imported/jump.mp3-2df20d191e56c1138b1f851d8684e3e9.mp3str	47603	0	0aad4cb93445c8187f18515e2ad19ecb
.godot/imported/jump.mp3-2fb39ce626f5d36fe215a2ed04b63160.mp3str	33671	0	0a1d593339e9b4674210806909c81d00
.godot/imported/jump.mp3-353052f8e957288c098d6194d01f0163.mp3str	20243	0	8cf6d4a14f4cb5a1165dec5b97c15ac8
.godot/imported/jump.mp3-3735146706b5c8a79b61b2d2a5cb9fda.mp3str	21503	0	a21e40a5dec071afee66c24066f8a8c2
.godot/imported/jump.mp3-37b5b7f5850a5f10282375f2f5966d11.mp3str	10919	0	1495c0e95e9d910ae7ab582bed4841df
.godot/imported/jump.mp3-3c369ec909791aad8da89c00ea7b1a56.mp3str	40295	0	187963ebd5de4d38233d56dcf059bd20
.godot/imported/jump.mp3-4094337c7b20f4878c3696456cf00454.mp3str	19559	0	68d90a451433e69709001d6d90a2278b
.godot/imported/jump.mp3-4c6ede70a2725a0f449371003846f9dc.mp3str	22295	0	b133055b87377f67f1ae6339a4307e7f
.godot/imported/jump.mp3-508ea047c3cd888d686f3c8c2fe11dbb.mp3str	10919	0	7c06b0914a12650299c949e082335efd
.godot/imported/jump.mp3-54c29d1f70713be8e61d96ad6c929ee0.mp3str	13727	0	b9a644c045cb192c38453e750bf248df
.godot/imported/jump.mp3-562bf3c8e3e8e551ee7d83c6e232636d.mp3str	25283	0	12f721a9df460635434fae5e4256fcdb
.godot/imported/jump.mp3-61e2b8221f80af23344c9f134b81671a.mp3str	22727	0	c9881c3c0219ec4abfe8738e8c5a3447
.godot/imported/jump.mp3-62576a541947c34f0533bd637d706743.mp3str	41483	0	0b6a087c6f55833d876b982e75b76338
.godot/imported/jump.mp3-7e8e5837e80ad105a0fa417a7777d8ec.mp3str	27587	0	685e8a870e293e020b3b7541c8358335
.godot/imported/jump.mp3-7f56a99972c064c7975e4af83efdf684.mp3str	20423	0	e55dd9396f12375bcbfc30c9e5ad6783
.godot/imported/jump.mp3-9101cf55a194e2fe8c59b46ce525fcd2.mp3str	27911	0	7177f0c6d99246a40548d03c5773436c
.godot/imported/jump.mp3-983fad27a8aa1f7a122482712db92f32.mp3str	13187	0	81294f10e01531eb38dd32a35bb1e145
.godot/imported/jump.mp3-993b4ab6f615c842dec767aabf6252d1.mp3str	16787	0	18be6902401fcdd1af84494e1d9f5e5d
.godot/imported/jump.mp3-9c003113feb78af6a8a796b59493c5f0.mp3str	17867	0	fd5bfae6a1556bcf088a57a9bf667e87
.godot/imported/jump.mp3-a00c1d1f39f086a681f8b4adf1943eb8.mp3str	28343	0	974c60041882b4a007b320f0f3edf9b3
.godot/imported/jump.mp3-a899df8e287c81e03c1d6628c8ee109d.mp3str	22979	0	55c0718b8c16d6ce5122ba4303e5121c
.godot/imported/jump.mp3-b6ae058d7011d8c46b8ac1763f09f0cd.mp3str	21071	0	628ca0a394f9bee4d15180184bfecd25
.godot/imported/jump.mp3-c0b2cc13020ad1d87da2b322c22ad704.mp3str	27695	0	fb2fe43d0f87f20ade47adf116f0b803
.godot/imported/jump.mp3-cbeaecf9de593a8dcd09ba0f874056ff.mp3str	20675	0	d8259ca4828f2e756313239a1e9aabe8
.godot/imported/jump.mp3-cc6992b6490a4218db880708d59b887d.mp3str	29495	0	187ac9ffd16d702c740e6c59e758d2a9
.godot/imported/jump.mp3-d889c574f319d393a908ef4704ee31a7.mp3str	26687	0	51fc86c74d50465b1715e00727180830
.godot/imported/jump.mp3-d8a989221d554c6bf91f4bbee0f3670a.mp3str	24959	0	477a23a9f8e84171b30886be5bacfd67
.godot/imported/jump.mp3-dfd8db4de82ba45a5e30c90f4bf8a122.mp3str	6387	0	2f3c7d70aa21b135757298ca633890ed
.godot/imported/jump.mp3-e9d82edd02fa97531fa375da2a63647d.mp3str	36623	0	59dccda387aefbd8f59a449e2da672ad
.godot/imported/jump.mp3-fb1e800cb4184d16c981c35d3e2a2b00.mp3str	32087	0	acfa8bf2b0221754079829c0382a91ca
.godot/imported/jump.mp3-fe87da14c6241e572e0ea650a25f0be4.mp3str	20531	0	38aceb27c518f9e09b63a074f1c53ca6
.godot/imported/jump.wav-21d6f1ffeeef94a3354a8d8cf6b66470.sample	31691	0	4f365fb1f5e43aa7eae3e52ae5c2dc9c
.godot/imported/jump.wav-2354dd580e6d859486b8c9057e7b7ad5.sample	49931	0	ab8179587c03fe5cf34ebb543de2ae39
.godot/imported/jump.wav-52cc32e215aa9429b5f37b1197465180.sample	19387	0	58d6df3a2c436d4af896c55e046c5e77
.godot/imported/jump.wav-747d33236668cd67204e6baa4c5291db.sample	11987	0	ad68dec5f71c3d188f52b17fdd1ba189
.godot/imported/jump.wav-ad31a12345a52030da0123fa88df5512.sample	96451	0	abdf68760ba0b390abc7c41a00724825
.godot/imported/jump.wav-cd460e0633b2516a754a1d694088a6d5.sample	35395	0	95e0c188d8b83ea25c52ece355ab03eb
.godot/imported/land.mp3-0ad0f08b0394663a05e8e510202b752d.mp3str	20495	0	efe72e4ad1a75908ade8f114dc2d1ea0
.godot/imported/land.mp3-0adbad11a32a56e6fde231eefd2e4c5f.mp3str	22187	0	db3e145c90b6e318f2927b3535edb2fc
.godot/imported/land.mp3-137a8e8fd6a969bcb875a02ec678c7a3.mp3str	19451	0	053878ebc3b5f9e0ee99c6451e8192e0
.godot/imported/land.mp3-14950251d6971b61448968c8bcb7bff2.mp3str	26687	0	25c09248c2f8e78d209645361d3008d4
.godot/imported/land.mp3-1575c77f30f4ef117e8ea2142dbea106.mp3str	28199	0	6fda48a5c783f80f392c34103f648ded
.godot/imported/land.mp3-18ea127a91bd9ac56b9bedbc6ed60ab9.mp3str	31187	0	0cb2c0f6770e1ae66e539ab8ff768296
.godot/imported/land.mp3-1b07f5748d9bbaf0d4af4b4448152320.mp3str	29891	0	af86f63767fd270e66d048691cbce994
.godot/imported/land.mp3-1c2e65486eee80ca347de5482a1d96d9.mp3str	22367	0	c929041a0e2297f96295d1b998357b3c
.godot/imported/land.mp3-1cbc1dc6921c61ecc6f4c7b0d668ea54.mp3str	27155	0	e15789db47c648674ff01a54c5e5220a
.godot/imported/land.mp3-1daf3da1a2fe17cf80f3d22308776264.mp3str	22043	0	1a4eec0752cdb9857107975e34c82aff
.godot/imported/land.mp3-2517af116c81c5e39ac9df76671e4739.mp3str	25283	0	a0b6bcb62580b2c6e03f880cba826966
.godot/imported/land.mp3-28d372067c9f36fae4bb22ffe3042cea.mp3str	20423	0	8c98ee5f947453964b5df054c571ed87
.godot/imported/land.mp3-3257a84a4183a64a34c97f1181211e80.mp3str	21575	0	f83058e17f498f5211824536c51cd9cc
.godot/imported/land.mp3-32d6b091370d47ca4fdced1887e23a48.mp3str	14951	0	3de694916a93cf779d14dd34b59a18b6
.godot/imported/land.mp3-47c75755495b258cf67019c2d77e156d.mp3str	13295	0	ae6514ec402fe63e7160484e69d58adf
.godot/imported/land.mp3-4882d80a887fe4c59ed85054798306cd.mp3str	27371	0	84dc913280b5d5b805c8fc11c360e974
.godot/imported/land.mp3-488bbd4889a371ac1eac56b42ff89be8.mp3str	19055	0	78c2e2ca759ef59eaeb9d0c02deefe10
.godot/imported/land.mp3-5ad728585842ef291f92fb090158f9e9.mp3str	31295	0	502e2399d0caaef53b832e72b51a654b
.godot/imported/land.mp3-5b8dc78abdc3b82cf97be170e63da946.mp3str	10019	0	9cc3f603289d1f46a23bffbb9120745f
.godot/imported/land.mp3-5c3ec10a95814054619c0c4394c5478e.mp3str	27983	0	fa5f8f9fa587d6823f47da5ac4e6abca
.godot/imported/land.mp3-63fe02f5ac14f5fc39daf4a8eec1cfce.mp3str	30791	0	a3738bd3a1da003c91d4f02c5ae10a0e
.godot/imported/land.mp3-6804de932e4bc903afd3e6cb2cb84a6c.mp3str	22367	0	0c4956d467fb461f00c0734eb7dfc7df
.godot/imported/land.mp3-6806b21226bb29caaa66ef7a4dffb3e9.mp3str	35687	0	6487b23b29389452c25cb361ef5152c5
.godot/imported/land.mp3-6b7c8eaac93832369596e22bf4b34e45.mp3str	36227	0	c9f5af3fb5738fd7a094e1b6c4e59e87
.godot/imported/land.mp3-6fc628910a3c835b6382e90f890a6089.mp3str	40079	0	fd5edb0ecd8ce2e04c55d564963697c3
.godot/imported/land.mp3-74930a27997a19ebff083a31bc4e5c97.mp3str	18047	0	e2e7f37685585d017001d2d9e32e74e6
.godot/imported/land.mp3-829e4c2649ac2589d4bb184fa9559bee.mp3str	30683	0	2be0e694277555319bd4fc0c774e5cb3
.godot/imported/land.mp3-95dab5cf46a868b4cd19f5029e573560.mp3str	23735	0	d9d15f449eb98958196dbcccc7d1f5aa
.godot/imported/land.mp3-9b415640452b4f5e41b8aded66724efd.mp3str	24959	0	88c0d74c82f4f9bee454f9c691f0eb14
.godot/imported/land.mp3-9f9ddb2f7754f4d36f30e9f7421cc122.mp3str	29063	0	243b94c02e01726b8daa3133435bf25c
.godot/imported/land.mp3-b743c81de2790b910c133e33271ba536.mp3str	50735	0	cddaf98af83fda33e55605f6f936664d
.godot/imported/land.mp3-bfa7614a8dfee19d81e46ef6cede1ce0.mp3str	12647	0	9d0b0c4b75187314fae75f0570fb8e3c
.godot/imported/land.mp3-c535047364235d8b94c401ac1cc28d1b.mp3str	28163	0	423990ff5ab42fb6f38f0a88502f2322
.godot/imported/land.mp3-c749e97f70a29e71b5789e5f2f2681f2.mp3str	5711	0	f6098dbb1934a20b49927a749461b8a4
.godot/imported/land.mp3-ca663c96d0e70c1e73a7d3d31bbc8e66.mp3str	21215	0	c28cd7839d8b3f59e8233cf41929cc9a
.godot/imported/land.mp3-d0a73ee39ef6aebfc84635dc20ca5f87.mp3str	16535	0	438fec6afa81aee666c2d1c887e15c03
.godot/imported/land.mp3-d17128a79ef0a86a252a4c68f74e29f2.mp3str	26543	0	ce5c1740f23c7de6839ec0602fd00680
.godot/imported/land.mp3-d73c1a5ee177ad9bcd952ce472f8980a.mp3str	25607	0	e300a18a4bab0383e39d856ab9f77c83
.godot/imported/land.mp3-e8c9d0a9403d1deda4cc9b13fb85d91c.mp3str	25859	0	1deaaa6eee9608650b7da693cbfbf064
.godot/imported/land.mp3-fa961eb8bc54d0c89f1dbd091a38e2fd.mp3str	18371	0	7b9565b30197908169a7652a01a39f43
.godot/imported/land.mp3-fd10d1f6d5d2aefb35be87f104084dda.mp3str	37199	0	00d4f6b15537a05d9262588b71b8ea67
.godot/imported/land.wav-288e5965c89d1c1896c6896f906e7f55.sample	19635	0	8b907d627021a6c0e01b71e938ce7d60
.godot/imported/land.wav-2fb84c86c550bcf6b0fbbb42136a0f19.sample	56683	0	9ba644f545d0be8aa078df8426cd1dc3
.godot/imported/land.wav-3aa607da44a63de1d616f7453b09fd36.sample	25571	0	3f16f8faf05df043540ef43b7c82fee6
.godot/imported/land.wav-7e60f6e038ea803618071a156f6bc831.sample	22459	0	a9ee54f60990633f52bb896389561fb1
.godot/imported/land.wav-8f8046d48c5e5dfbd053f4b8af488775.sample	22739	0	bc91a517fa5c6f9d29583f0f9bb85925
.godot/imported/land.wav-f0528994c7ee4e1aafb2900008375dd8.sample	51611	0	ccf82c961ff431c2ec18c1a482636bba
.godot/imported/local_00df0dcda074.mp3-de048b7d73f007d544307ca41becee84.mp3str	11663	0	f6c52310a95653c37b7e7d2f489ddd40
.godot/imported/local_01d7bbd207a5.mp3-e2122915e63ef91d55f643f8a6036779.mp3str	25875	0	60cd87853bf1aa69bb4cb1ab2f8c91b6
.godot/imported/local_03d03d841360.mp3-70de5934de557ffdf26c0ba2c5a5f9e9.mp3str	25875	0	f13de5367066f33fc3e7da06a15baa1d
.godot/imported/local_044c9da6c9c6.mp3-18b1cdac669127b363abbfdb01021574.mp3str	18771	0	346251dafd018bac434b7c8e1d046258
.godot/imported/local_0597a158a496.mp3-125b6c5c1d41d46086597ada253bd4b6.mp3str	17935	0	e3386a01375f40d8445a34378edf5575
.godot/imported/local_0aea9663c2f1.mp3-1f38b9f49a5fc2ed9278c7d4c62f271e.mp3str	17515	0	0a7f0db9744ab3e290b946ed40f7e4e2
.godot/imported/local_0c216db3303c.mp3-2d22f69b0a51276504c0c91f7d0dbb3d.mp3str	32143	0	90ac67a36373c953aeb4d1ba6609bbe4
.godot/imported/local_0d1d4cea335a.mp3-3da9952f2165e0b830106b1ad77ba620.mp3str	28383	0	b43ffdc6af7ce624085335261449e31a
.godot/imported/local_0d35df44cca8.mp3-ce7e79aff140a6acaedd48e0705747a4.mp3str	20023	0	92716e2f5fd840715c68af88c7e33411
.godot/imported/local_11d07efd5c52.mp3-0b072a86c4118428fdab086990968b9f.mp3str	11247	0	cbe0310668071083735b556921cb389b
.godot/imported/local_1724beca1c77.mp3-08daaefbf16a409517546688ce303746.mp3str	21695	0	e978cefd8a0519d7faa81c748ff0f5fc
.godot/imported/local_1738e2f5c5c7.mp3-d1756dc29d8231efa5c2eebfaba1b148.mp3str	29635	0	c5de8fc98cca83673bda1eafc3730c0b
.godot/imported/local_1bf73b46a05e.mp3-9dbd0be6fc8740b33b70bd5bd8bda7bb.mp3str	22947	0	a2f98080209697cb28ae93461d57c95a
.godot/imported/local_219a2ce67dab.mp3-607549f61a1959b41ef3a19b9daf5b68.mp3str	19187	0	acb9dee7e0e411652ea2677ca6ec3183
.godot/imported/local_2228be227b5e.mp3-5aee793dc50d0f7b1ee130037e776b4d.mp3str	21279	0	dc50f0eb3ff8697ada04bde41ceeb8ed
.godot/imported/local_26855f1cb058.mp3-e5204d55ae475416a19cde18d5f8a15f.mp3str	35907	0	1b1d46f072732f204ee1a2bb62195dcd
.godot/imported/local_27aa3edc5e44.mp3-3c2ff3e1a549682a3797766489ed3413.mp3str	12083	0	10db3a174b7faefad6cf847116922751
.godot/imported/local_2c3b4b1a9edf.mp3-e3ea73c7ba78d7b5fdf025505797f110.mp3str	31727	0	2d04243cbb0f0cf5b03a620b3539bfed
.godot/imported/local_2cbbb1ad3738.mp3-4837f2e92a74e0810c89e295fafa357b.mp3str	41759	0	96abf33770d13a850c6d8099e5bc8e03
.godot/imported/local_30439ca23cfc.mp3-9214d57082370d79fa6a05b0f5518f7a.mp3str	43427	0	3f11ee9ae627d90c06e8c246f42838a0
.godot/imported/local_30f84c1ed8b0.mp3-db8be66ad191691a41249558513c0365.mp3str	29635	0	f88f033b3929323671f0a923714db427
.godot/imported/local_3ac849451150.mp3-b77b91a8f94ffb40697a1035135534a8.mp3str	25455	0	10a6e5c4d217a1c130c2b53480460c70
.godot/imported/local_3d56d030b26e.mp3-c772d1e9cab79ee6f5e7256d0da18251.mp3str	17099	0	d7821ee86cd0352398d2c427a67ff5a2
.godot/imported/local_43627688db99.mp3-9b7c85bffcbc31aa3f1dcb4b528c4429.mp3str	36323	0	674a9300bb7f0cb431f9c42da5a7b5b1
.godot/imported/local_450025a2178d.mp3-7ca3c542ca925e9f08fdd6910409af7c.mp3str	36323	0	451e7e1cfd85bcc3c4fc39de59555248
.godot/imported/local_47fdf242155f.mp3-114e0c936fe3c344dd509d3fa6cf11b4.mp3str	25455	0	a39cd5495acd58dc415691d8ac1f0b0e
.godot/imported/local_4c92eb7142d3.mp3-49d525a81dcb374b715443f7863341d7.mp3str	27127	0	9f4c7ed6c14d9dfefe56f46cd79f5579
.godot/imported/local_50dc5b1199a3.mp3-147236087e8fcea26c7dfd65d4464661.mp3str	43427	0	8700a3a1086ac3b9ce5b04d6df969474
.godot/imported/local_53e5b7f8db19.mp3-0b4c1a798a5a4c28533beaab203c9ace.mp3str	41759	0	679873a4e3137b53078ba6c3b621964e
.godot/imported/local_57c839dd5695.mp3-c52121ac31fcfdeb60c294b052010d72.mp3str	27127	0	0f61ae0fa50e7e8b81f7aa7754fd6519
.godot/imported/local_58a16fb40bea.mp3-20578e782fbbfdeb3e1ff118d8fd85d7.mp3str	18351	0	14c4cf346827d7e594394ab0e119199c
.godot/imported/local_5da144a24152.mp3-740bea1645941be5b65fcf279e3df0e3.mp3str	40087	0	8a2ecaac466ac135fed7ed72ce7ac470
.godot/imported/local_5eb5c4856974.mp3-44804b953d6fe1becce638bbdf11ab5b.mp3str	13755	0	4d31b02ec1b5d8f3cf78123c5d03e63f
.godot/imported/local_63f3675a2f34.mp3-c1bacddd990333a3b553574cedfffc7f.mp3str	17935	0	3b5140df61afe7152b266abdf32d3236
.godot/imported/local_652f38ff7b9f.mp3-fe692c8bc54a6336d303a2f5096a8473.mp3str	19607	0	3ece8114fb19144bbb685c3556beb69c
.godot/imported/local_696bc07a00e4.mp3-770148b129d9d103c87f4c121db6556b.mp3str	29219	0	8d430898f682dd408eedd3b3255ccc39
.godot/imported/local_70946cb38b30.mp3-de4b580633b70e19d9c7f0ed39fbfaf6.mp3str	25039	0	2dc549992dd24d722feec94148366c9c
.godot/imported/local_7171017e8578.mp3-6d62529d5322b46a470420a0ad0dc496.mp3str	47191	0	6511c0b2b7e88fde84f81592177fe7f6
.godot/imported/local_724874cd8f40.mp3-5c29205df8ea786dea29d4311738781e.mp3str	32979	0	1440d09bcd4dc1823d0971bb6a476d80
.godot/imported/local_737b9f6faa68.mp3-8984c1e8327e8e82a9fd9eb0b3349397.mp3str	30471	0	2fcd10a7f97df6e3ad4357ad16c2533b
.godot/imported/local_7c26b6ca1e2e.mp3-09a4b7bd9796219a520fca20498cf3bc.mp3str	27963	0	75d63e3e9907273f5dfa50698403c44e
.godot/imported/local_7d809a1e6bee.mp3-7c0285c67941a30da07f61ea707520fe.mp3str	30471	0	e635f50b41c60fdf063c15cb63f7c22d
.godot/imported/local_834943ffbbff.mp3-8181f9434c412971bb02e49114b571ba.mp3str	26291	0	9d1249370806efd149eaeda733a9db65
.godot/imported/local_86e662b4138b.mp3-35fdc415c1e3526cca7418a163dcf9da.mp3str	17935	0	5f04beaa37a0370e1e8feadd4422f4ea
.godot/imported/local_87e7c7c7ec7c.mp3-dcfdcfe8d97a3d3ed27a4bd26e1989d2.mp3str	30471	0	116a8551810a085619ebce23ce5290ee
.godot/imported/local_8dcb4a217306.mp3-b42b45a5849c64a2d0c3fa714f29c01d.mp3str	23367	0	bbd2d424576420ad569458289bdeff44
.godot/imported/local_90e8cbf1daf7.mp3-3494f039b281b1a766c867ab9a7dd300.mp3str	41759	0	78dff8f649771e63a70c4474c2297a0b
.godot/imported/local_93268b97bea8.mp3-8212e400ef9a1312183d682c3d61e7c6.mp3str	31727	0	92ff371859b847947735968190508990
.godot/imported/local_93fedd1d5b28.mp3-d903b088b4ae52ecfdf1e7a673a7e94d.mp3str	20443	0	d21060a4c0e134b69f87b86958e6bbe9
.godot/imported/local_94fd0062baf5.mp3-b16376baebfb14f30c7eb0e3b4e0d563.mp3str	27963	0	5038dc4aa36be5afde86110839323f11
.godot/imported/local_95bfdc465138.mp3-a3f1e7ef2d7b5dc3834b25223f48c148.mp3str	16263	0	839e18b43056082e91a9911277b0c8bb
.godot/imported/local_98b1f03365dc.mp3-5cfae3fa352d3b1a31dca53bbd865b61.mp3str	51787	0	3a39dfd7b3c6c4dd1b7347556ec1927f
.godot/imported/local_9bd6f3907ddd.mp3-d66102c350f8e90df5d85e4ac1fe620a.mp3str	17935	0	908480d8351f25f9331858809d74cadc
.godot/imported/local_9c2e10edc4a8.mp3-74e323e2319f1c020272aa1c6c6d5616.mp3str	24203	0	cdc6a2f62adeebe3612d8deef8e63293
.godot/imported/local_ac1a92675380.mp3-669c2bc0739a7ea98af5a97e3aec66ba.mp3str	25875	0	9a31eaddd8df8965b43b388e272e7bd2
.godot/imported/local_b05e259077fd.mp3-22271bfd64c1dc9fedaf744d7afdfc30.mp3str	45935	0	c7f739ea2426c689d6191c1f51b3811c
.godot/imported/local_b29e29f05b6f.mp3-da73cd9a3ab33a7dc45cac3be8dcb78d.mp3str	24619	0	1ad749d90e7d300bec18515960cf0b0e
.godot/imported/local_b3928885b8c3.mp3-cdbd96ae500802e27cc86939ba9573c2.mp3str	8319	0	3e958d205ad8f890df3ccf76f9d47266
.godot/imported/local_b9b7cd42a62c.mp3-b7b42134216c76509b8ebe3e104eb380.mp3str	30055	0	f8d928ebf1abbd0689afa28bed8814c3
.godot/imported/local_bbcc4fd1bea5.mp3-aa13d72cb953814dbe2d2a1411759353.mp3str	45099	0	1abca17282b5cbab17cf7bd3c60798bf
.godot/imported/local_bddf83bb66ac.mp3-b9fa1098cfd399ebf3987768a2c1e8a2.mp3str	31307	0	07b7862c417dc2e9a70553255a6be8ea
.godot/imported/local_c654a2ee275c.mp3-649ccd0363c4121e75045d4876f66fec.mp3str	25875	0	abe60660730f42302754d3b651efff4b
.godot/imported/local_c8718c1c53b8.mp3-b5b2c570865d9db1c715928003345b94.mp3str	13755	0	c3120d6ee79e5f6da65ffbededdda2fe
.godot/imported/local_c999ff472cc5.mp3-8b73aad2c191aa3b4e581a2596c441f4.mp3str	12083	0	bcbd38ead61fad60f2910541c60dc77d
.godot/imported/local_d4174736d133.mp3-bcb6ee05ef2e391315a6dcfdc25f585e.mp3str	18771	0	7f37cf31465c394d01e821556f6ca930
.godot/imported/local_d42965de3324.mp3-4b56ab16ae699b057494da8a5c66d88f.mp3str	20859	0	53a6e735dedbc667017fcaa04addefac
.godot/imported/local_d5b1570f6dd6.mp3-389a16ea6f5544159d716674d83504fb.mp3str	10827	0	130b6820e1b3c50d0ed3f5af4a25b3e9
.godot/imported/local_daedb0354e66.mp3-eaebf32557a4ede46a18fb833abde2c4.mp3str	24619	0	6766f7aa9ea3e35d70ae9775bfee2c81
.godot/imported/local_dbcc24d6a519.mp3-54f4b3bd4d1fd50ef0f48a7e567f2d1d.mp3str	23367	0	33efc5076f474453318d73b4992dbfaf
.godot/imported/local_e0a2e783e061.mp3-6e87e5f1ad68fc0a40a8b4bbcda881f5.mp3str	25875	0	ca3746b4355a0b9901eb869b44c80544
.godot/imported/local_e3407f7d6b48.mp3-38eb7a0900693448c873fcf74b0763c0.mp3str	36323	0	bf055b87babfc8ec415ae42451623f07
.godot/imported/local_e3f2f0d96b79.mp3-328d071653683610c9f0a964d807f647.mp3str	30055	0	2c1728a90ece4cc3f6b3543907271bcb
.godot/imported/local_ede91ff8490f.mp3-aed4e4798cdbc72532f9ba57e1ea77dd.mp3str	20443	0	6cda4cab6f650d766c72a57af55c0391
.godot/imported/local_eea5221fac1d.mp3-99be1b1b578cc89e8827e7d1585cdef7.mp3str	23783	0	3885449f32d218d50a2d76a34968efac
.godot/imported/local_eeb69865a810.mp3-3893a07d7e15722a85b9450d6da13fcf.mp3str	17515	0	ee65f30d1751d045765b7b37b10bddad
.godot/imported/local_eff3807260c6.mp3-90539e4c371b8cdeecdeba8be2ed1bad.mp3str	17935	0	4da53924d64c2bbdd78aefd9912cf6fd
.godot/imported/local_f2e0a5100753.mp3-c9c9adbaf603fcaf324ecbbf60f5d77d.mp3str	37579	0	c65db1b7acc8d5b40fc8cd1698273fac
.godot/imported/local_f59b274e3569.mp3-fc45b94faba9e05ad623d89a81248882.mp3str	37579	0	fdbc2fca9c96c482743ac1730d37cbbe
.godot/imported/local_f66f7df0e658.mp3-8294b87b9e3e366493972612380fa2a7.mp3str	16263	0	b8984a99c356e7a9bdaf583eb96ecc65
.godot/imported/local_f6a4cf39da7c.mp3-ca459b558d27a7675c5db7856bae2ebb.mp3str	25039	0	32b682bf1ea0db602bfb1ffdceb0d569
.godot/imported/local_f7efe87928e1.mp3-6ce80a8fe4e6f227abbf329d3a36f0e4.mp3str	21279	0	ccc60db3978718961dc35bddf9b44ad4
.godot/imported/local_f90e6229d218.mp3-db4315be6f132bd6144c6b1679529069.mp3str	33399	0	cba6fad76c22e54372db9d177340bf80
.godot/imported/local_fb24a93be8ac.mp3-d9fb1c2ba4979d198307a6ffd30da4bc.mp3str	24619	0	fa33c263e871ebad0e07f9c156a39f76
.godot/imported/mujica-logo.png-b5fc0143ebc934d31cf3ded677eb6a02.ctex	67084	0	3c65037160b098fd4aedf84571b9dfc3
.godot/imported/mygo-band-bg.png-477f356ac4bb9c9ed306221a6ec73312.ctex	323386	0	ab62b26ed498fb4f5391630194311d18
.godot/imported/mygo-logo.png-e261f99314fb3944e12ba2d908e7ca0f.ctex	11960	0	86075269df8c95858455247580ba6704
.godot/imported/perfect.mp3-0ce213d952ca50862a39f78d132b92c1.mp3str	26723	0	6aecd4df69b4703b8ea4781a0ba080fe
.godot/imported/perfect.mp3-137cdc8fbbaf35b07aa798ed9cc62adf.mp3str	39323	0	a85eae683637ff1a3e81a7a61572b4e1
.godot/imported/perfect.mp3-19d29c244d3c67bdba3e85e3c3833f82.mp3str	17759	0	3312f4a5baca965507c3999caa6d46ad
.godot/imported/perfect.mp3-24c6b63f68223ed19aa029405b3e3334.mp3str	20567	0	b840d4e4883a382a17ffeeef117dd07b
.godot/imported/perfect.mp3-27c1e667ff6c02e8332580fc77af5f90.mp3str	20567	0	73e658d1fc783aeedabafecbf543d112
.godot/imported/perfect.mp3-2a1a1a81ed5b07789891fa3b13e36439.mp3str	14735	0	7a4560a00d1af1bded0cabbe1b7b6d8f
.godot/imported/perfect.mp3-342e4416e0af1d2a65e651fc47e56831.mp3str	37883	0	97d28331e2d0f421c35f30b0a0f9be6c
.godot/imported/perfect.mp3-361d916a0288be8bcf73e134595cb4bd.mp3str	32015	0	a8693e50b180f343c95ba628d467f672
.godot/imported/perfect.mp3-384ef995259e3d13be09e4f9c2f35f88.mp3str	21467	0	e87855115a9f822de2483bc2eabf87bb
.godot/imported/perfect.mp3-42888fd71bed7f87d23a8a5b200928e9.mp3str	20927	0	599a0aca4053545013b53c36cd24a92c
.godot/imported/perfect.mp3-42f7f4fec3abb8db9df7bde33961141a.mp3str	21935	0	f65866c4b747197ca3cd34db31015dd5
.godot/imported/perfect.mp3-4afbc15664fee44cc3c160688d6c896c.mp3str	26615	0	2371e17004144359c9b37d4c475d4285
.godot/imported/perfect.mp3-4bf6910294cbc493472bffa8d78d57c5.mp3str	19991	0	e3e74d0d38a69303951537fedf55a897
.godot/imported/perfect.mp3-4ef936452f41d0593e62a9daf096c8e7.mp3str	33635	0	5f3892b659192390f4018a10c5d19e22
.godot/imported/perfect.mp3-55f79070d0b97a37e8172083a314b416.mp3str	26471	0	eb8dc515e4041b55a8094a5e417fcbf5
.godot/imported/perfect.mp3-5c4e52b693355782a81fecb932484409.mp3str	10883	0	9b5fb40c59360c6bbcee1eba7f393374
.godot/imported/perfect.mp3-6236493d63d5597782e0bb90a569298d.mp3str	18659	0	2a39372e612ae711279c6e4803ed7975
.godot/imported/perfect.mp3-63774327fdbd045d306c9a547e1740b3.mp3str	13063	0	83ddb92479000b8976a908868944cb30
.godot/imported/perfect.mp3-70c97d855451a971405851cacef9ce98.mp3str	29171	0	e7a48cc08dec855ceeae51e4945aef68
.godot/imported/perfect.mp3-7617c5b97c50e6e06eec0f6f14f58055.mp3str	36047	0	47c9607911620cf4ad0a3c290c527888
.godot/imported/perfect.mp3-82e4ad91d194df122528698e0d34a839.mp3str	17651	0	1629457a8262eb5195900a07c3eecfc2
.godot/imported/perfect.mp3-845f3802326353d7154abecf8bf2f6b5.mp3str	39683	0	4358489b94131891eee8edafb46e38c9
.godot/imported/perfect.mp3-866562ee64417da19e31b2eb4c564e0d.mp3str	25859	0	b1eab7b32b5127ea20f9dd0e443461ef
.godot/imported/perfect.mp3-8cf6d1ad202a1d02b2c163e525056f55.mp3str	20315	0	5ce3c8163615c9e6689d102fa3453bb6
.godot/imported/perfect.mp3-8f2e691f40995ade0211da9ba1e51e63.mp3str	37307	0	a6b1767f8c1cb07efbfbec161e456e6c
.godot/imported/perfect.mp3-905bb5181e2c62cfce3eb06fd0174f30.mp3str	16679	0	39dfe391c71a8fab8ca5b7605c2dc5a3
.godot/imported/perfect.mp3-9dbe7f911958fe1097043b9ffa39a8db.mp3str	33095	0	f7d64d4a7a2ad0f0ef9957ceb7159a66
.godot/imported/perfect.mp3-a2f33b3bb644d236ccc5acfb1509946b.mp3str	48071	0	ccfc63f5b7614cc137e8e0bffdf94f79
.godot/imported/perfect.mp3-abe5b62b5e61bdb5c8755f31d9762afc.mp3str	17327	0	43adf6eb9556d7f9c09efa16e12739ef
.godot/imported/perfect.mp3-b7d3bc57b85441cb0fb5840d98a26a8c.mp3str	35759	0	377f0895109577454e0fd51d068567a6
.godot/imported/perfect.mp3-b8966726ba12a37c61c245e0cfdf9429.mp3str	44183	0	d96d77794ec8a39fada70dfaf122655d
.godot/imported/perfect.mp3-bdcf3b81bac8ac0f3cc5019bd7bdb1a1.mp3str	27443	0	6320e22315f10289c8b014f2c081b3a0
.godot/imported/perfect.mp3-c8a26a4269bb3775f433107da2f0e41b.mp3str	26183	0	c436bd5b419a23edec471819112523c2
.godot/imported/perfect.mp3-c8e1622a64bd8a10a27affebb927ca86.mp3str	34103	0	08a2644425dd71f357e425be5d9e450a
.godot/imported/perfect.mp3-cdc372dc1ab4e7a22e3580e17b7a811c.mp3str	24131	0	386a3e1cc92924f4fed26cfea3b459f0
.godot/imported/perfect.mp3-d6b45f512dd24715dd6fdbcfaa6ef3bd.mp3str	31511	0	af8e46f1f72aec25ee78c80ec9cbcf22
.godot/imported/perfect.mp3-e71d5a32de6b87599bafb31388e3eb6a.mp3str	29243	0	125c040e00b4b4307ca59674e7d8d186
.godot/imported/perfect.mp3-e7307584569dccc82174f955bdc85cf4.mp3str	9659	0	b3a81369f37a76a82b315b8e00280711
.godot/imported/perfect.mp3-ea880f8bffa9851b2c312885774eb3b4.mp3str	31907	0	6edce5642df692f1544bf4ba58b1aa38
.godot/imported/perfect.mp3-ea93d0cc0dc7700e4831648fc45e089e.mp3str	26975	0	0ad1d404b62068d662ff4038544d5a90
.godot/imported/perfect.mp3-f617b62cbc111b029330b8d1b63abf14.mp3str	25535	0	9938bc233069b72a7b5ec2116101a97c
.godot/imported/perfect.mp3-fca1849b48ffe6512721dedc5e3c94c5.mp3str	23843	0	35fed202f81ceac7d0d4da5b7b5e5ac5
.godot/imported/perfect.wav-51ee5965dfa68ab9a4fe0145b0035708.sample	31643	0	172a9a61c1955280e5afadac7681fc47
.godot/imported/perfect.wav-5d32c023919385b6abae90900d9ddcad.sample	47451	0	da1eec638ea37617fa5330816e06a27c
.godot/imported/perfect.wav-99c3916875f687375ff346c4fa9d0bbd.sample	14339	0	d63477be581889740d9008b4c5cac8f8
.godot/imported/perfect.wav-cd73b0aee9b7f7374f956a576b47b5c6.sample	47211	0	9f46096d7cd0691abdcbb91c410b00c8
.godot/imported/perfect.wav-d2fb5847a8967c9083c4852d6c73ca43.sample	18939	0	f662b628ebb3dc03ba79cb312864b831
.godot/imported/pins-deco-pins000001.png-bb5faa0f114b0d7b28e8e9bbcf6812bf.ctex	1570	0	80051e745fa72bcac8fb88745a5fe6a7
.godot/imported/pins-deco-pins000002.png-46ef3a46bc6156d3ab3e86228ce38978.ctex	1376	0	e8c4d5e8c8eb88cd460ddf2330764bee
.godot/imported/pins-deco-pins000003.png-3d601ee4a55a3133c86387742e013b79.ctex	1736	0	4a5c01a23928377cac9053ae7d21d6bd
.godot/imported/pins-deco-pins000004.png-e1b089c39a6e7eb38a90d3eaf61ed26e.ctex	1816	0	db15bacc52a5ef10a2b9d713f6cbd144
.godot/imported/pins-deco-pins000005.png-9eb221f63fb0c30a64d962f5ab6aad50.ctex	1608	0	e0fb89b0ff390e50c04871ecb4fe0a8b
.godot/imported/pins-deco-pins000006.png-afcbbef3a55a038ffcb739805ef9c585.ctex	4092	0	8baa892ccffa767acdb30fca1021bad1
.godot/imported/pins-deco-pins000007.png-e76ac89dfa3ffd5f4748c2f2e068e7f5.ctex	2920	0	91d04a5f0fc5068a1e896a5e07d5421b
.godot/imported/pins-deco-pins000008.png-c78da029dd2ac2c4d44f108024231234.ctex	2612	0	53c843d8a0c6af847d5fae396d283013
.godot/imported/pins-deco-pins000009.png-2efb5cbe93e53a91d96e97b606e7cac3.ctex	3216	0	083a86a00c4c16a0998e0b5d6fdca749
.godot/imported/pins-deco-pins000010.png-ec4e1d607108f92c3b5e6b9baa5c3d25.ctex	3120	0	8a9876cfda3ce8b95a0bfaf9587e4a77
.godot/imported/pins-deco-pins000011.png-02f7d0ffb8bdae6777f17f8a377c6323.ctex	1332	0	fae58d4e415112c5f3ae6b2ffcafe4a4
.godot/imported/pins-deco-pins000012.png-74aa5f4c4284f8e6211845024050e8af.ctex	1318	0	4e7904cd2df187cb0471c40124deea12
.godot/imported/pins-deco-pins000013.png-0294cdf12c94fa9527d5e65121afaf57.ctex	1606	0	09f163e8717c8f98c5236acf1c80508d
.godot/imported/pins-deco-pins000014.png-691f29d8382a935619bd4fa3fdb57cb8.ctex	1596	0	322881fa072db2723daf642501fe5b95
.godot/imported/pins-deco-pins000015.png-7d852ee6a1a5da62817a3ec70ca93305.ctex	2392	0	efd95703ed30430414cf34af7ceccfda
.godot/imported/pins-deco-pins000016.png-4d144605ba5dc90b20c2bab37f61ff69.ctex	3792	0	c6f7804841e9d2035ae1b6b8213f3c2d
.godot/imported/retry.mp3-03f4916b426bc7141ee9918c872d7d0b.mp3str	34211	0	5c7d18e6c019816dbba5ad8e21ae2b40
.godot/imported/retry.mp3-06653bbc399bbae02c576037bf3a8b9c.mp3str	45335	0	2c147efad7baf1f8a7ca3b158891cb52
.godot/imported/retry.mp3-0a06ca68a5878d4e9ec9e98381111661.mp3str	28091	0	a6c3ee358549d08298121d2d7a0eb121
.godot/imported/retry.mp3-194bfa6208c2b10abaca58fc87dce03c.mp3str	41843	0	26276c6ad8748d957b4684af37499267
.godot/imported/retry.mp3-2257285b733f035ddb7cbc8c5288cb35.mp3str	39719	0	f69600167a5d9a5fcad435f2cc20d496
.godot/imported/retry.mp3-266b98b6b5e0546e56fb6c45ec442660.mp3str	32303	0	b92209e58fb4a98e48cc08e89102ca73
.godot/imported/retry.mp3-3197b446ffe0a55103cf12305dd0a769.mp3str	20387	0	7f5cc527a7d46c3c8e8b9feaeedcc528
.godot/imported/retry.mp3-36861e4923abeaef4d744daa8a0bb060.mp3str	22691	0	8e77a2394324ba77c5291d9e19cf00d2
.godot/imported/retry.mp3-37c1334045f6be0707e48ed0e801dbd3.mp3str	39755	0	1912d2bcfb5d64ab3d59928ebc6f754b
.godot/imported/retry.mp3-40b37e8d19dcb98d7c85aac45164ebd8.mp3str	32195	0	666843cecb4b1dea77e6e2f16633d402
.godot/imported/retry.mp3-436b6b48c036fae39a3cd7a9eaaf1df6.mp3str	23663	0	eb06b1b314193a32d09bbc5804f61111
.godot/imported/retry.mp3-47ada43160cf1913e5e46c7824be6771.mp3str	24599	0	6e0356d039219abc57ffa85b8108ced0
.godot/imported/retry.mp3-48cd4d12caf3970707f3718683d03808.mp3str	33995	0	c829cc9528c0edfcf32de73fd2cfc6a1
.godot/imported/retry.mp3-4db0cfab41071f26f7ffb6a4d7bd0e0f.mp3str	21323	0	ab62716dd7485ce5ad2ba22d19683f61
.godot/imported/retry.mp3-579c5902863a2e0eebcbb066d44eb26b.mp3str	20315	0	063b69426dbaab4f39911dd6876f837b
.godot/imported/retry.mp3-592b87e8164602cd7e860ab92069bd06.mp3str	26687	0	c070516ee0660d2a3505ab6cfc44c7a5
.godot/imported/retry.mp3-5955fac16bb7aea4bfbf990ce5bb5bb6.mp3str	11135	0	31ed2a2d0a7e9ee38263fd55c8a2bb6a
.godot/imported/retry.mp3-60c537913b6d5da77d7f0fa269d360eb.mp3str	28523	0	7dce2f8cb1bdce26d7c1f03e8e15d519
.godot/imported/retry.mp3-795b4ad377cfa88b0730fd17b61223e8.mp3str	33671	0	e5d916a8491ddfe9607ba6240d14a954
.godot/imported/retry.mp3-7a21aff69624a13d433c8c2600ea8ab6.mp3str	19451	0	89d56fe382b5b292aee0718f0481a815
.godot/imported/retry.mp3-822e6cdf7631625bfe4ab23905436283.mp3str	23951	0	0e5152c6ed23d41db4f75972d52a9766
.godot/imported/retry.mp3-865fa9542cbd4124f10f65220b4e6b2d.mp3str	27407	0	35d4ed2c0d9b3096b42401fb17b881ad
.godot/imported/retry.mp3-906f4150f3ff88a2830bd4b3f1704cc8.mp3str	27767	0	ca19258e4270f29630f4a1a8e45279e2
.godot/imported/retry.mp3-9072aa26ee0be7983070d73976aa9b23.mp3str	41051	0	802e819479b7a32ee96ef4708bbdd3ee
.godot/imported/retry.mp3-91e8193d1f8a5eeeee5799e69c630b59.mp3str	35039	0	6321589d30e7742bc1fde797d5253976
.godot/imported/retry.mp3-9699cf0602b919f3467217bed2584d92.mp3str	27443	0	5575c38a32bf3620e4f0ff5949e773e3
.godot/imported/retry.mp3-9b1f2e6f68645ac3679f869fd4858455.mp3str	31655	0	effc1354fe1f18c0740ec3013e68d396
.godot/imported/retry.mp3-a09bee769ab5c6ed8b726b7ac55ea155.mp3str	31799	0	2ccdc7725a6d271eb48d6bdb224328a1
.godot/imported/retry.mp3-a8444f642cda45d503189cac6389930a.mp3str	17039	0	b6efa5fa9a60971cc758fdc2d7da19a7
.godot/imported/retry.mp3-b1edb3ee582853cb08b1654585d07d92.mp3str	26831	0	585bc24c49e3102ebd160e3f5c0bff06
.godot/imported/retry.mp3-b6be54904b84fcfc2598c1bd7f74df09.mp3str	36767	0	540bd514923c7bd80afa0c09d054b645
.godot/imported/retry.mp3-c610589b5537233d088a5f0e68a18dde.mp3str	27623	0	340dbf3fa289fcf7c06f1adadebe3d7e
.godot/imported/retry.mp3-ccc50a04294392011a0169a5f9827400.mp3str	15311	0	b061182283e2fdd48513d67c4b98aad6
.godot/imported/retry.mp3-cf24dec337da38a84d4a30b8fcda7bc4.mp3str	19631	0	a4a69ccebd082ee9fee829551cfb488f
.godot/imported/retry.mp3-cfbf5fca87e710ac81cda35da138f44d.mp3str	30323	0	f52f1e8d62be76ed2e177bf741dcd577
.godot/imported/retry.mp3-d80afbf3e2c81fd8095cf5752c753106.mp3str	28379	0	eb8f67eae01c4909b2068e2ea79091bb
.godot/imported/retry.mp3-e19c7ff281e2368d491a07c360ddc272.mp3str	34571	0	eda8f66dcbbacd04632695360c3cb8c1
.godot/imported/retry.mp3-e36511372f46fc856bc93c17cbd63878.mp3str	29747	0	c51e9c4c25e5642ba817f1b11a143561
.godot/imported/retry.mp3-e9dbd93566ea7ebc1647c9e8650787e8.mp3str	24635	0	c448deba3919f74355bc03daa1343db8
.godot/imported/retry.mp3-ec57322f6edb1c7036ef3082abb9b69a.mp3str	24779	0	08a6f23856ffe8bbbbd886ee110cf82f
.godot/imported/retry.wav-22eb9cafc989d5e042ff7d6d02c4cbe5.sample	36091	0	b42fe2b884ee969dacb2965321cdb1cf
.godot/imported/retry.wav-39b9f3b560f3d1200aa81e1b2bf0665b.sample	72843	0	532bca108979d13723bf5ebef7a3fac2
.godot/imported/retry.wav-568ba2279de430d9e95daa6e4f7b806c.sample	22051	0	51761f1799823c56b83363b2669b467e
.godot/imported/retry.wav-71b9bbe71ec77841a06ad7ebc42779cf.sample	45291	0	9b196dfc36a03f7217ca27c9b8742b4f
.godot/imported/retry.wav-8cafa1fb2c371a27dcda6db0ff1ef9cb.sample	26475	0	4e5f598447b0758e77e6134b4e9aba4e
.godot/imported/retry.wav-9f4889f7d9b829fdfd054101e2f196b4.sample	26923	0	83331917d08f14f617df26b3fa9a5071
.godot/imported/revive.mp3-4934157d2fbb62fba0ca4cded7f45689.mp3str	89875	0	3c1640faaea88c119ccfd3736f28ddae
.godot/imported/scroll.mp3-9821f6bea721459825a5370929b42286.mp3str	6963	0	34765922e30e57699ea5662e3d49f437
.godot/imported/select.mp3-01205d27258ff6eb9897eb26b474d8b3.mp3str	20747	0	6a742ad49883803c93ec20e0c237af2a
.godot/imported/select.mp3-09b3bf50adf1f8c5099f8abe7e9840d3.mp3str	21827	0	c76032f9f116689c2d6c388ba97d9631
.godot/imported/select.mp3-0f225e90ea32df2e4155a5ed82b8b765.mp3str	24563	0	ddba0e84a30847e30f760ecc1e3f17c4
.godot/imported/select.mp3-1901414e1ed14cbbf8207cc1fd585d9a.mp3str	26327	0	e24659cb673bfddf344b98dfc8880d9d
.godot/imported/select.mp3-19f81e4aa84a94e251118f8a1c06b5dd.mp3str	19019	0	2b581c1469f80cc7580dbca0d62f0d5f
.godot/imported/select.mp3-21328845973d10dde779ff2312e0ca19.mp3str	17075	0	d4a9715c73f170c5cca709647fa9ee47
.godot/imported/select.mp3-222ed3f680c98be94cb0a6cbdb9d1e38.mp3str	44039	0	8bf0a1c51b3b151560fa77435e3766b5
.godot/imported/select.mp3-2b50b5988ae2491b6d5fb88e365e6c3c.mp3str	20711	0	fb0e2bf6dda29aa95e6f828a77d51e02
.godot/imported/select.mp3-35790dab8ce00a3115d4480037d843f0.mp3str	43571	0	34c526a6cbc31ba156a119a38c61a2d6
.godot/imported/select.mp3-3a03e1e29947fcb199fd9207ec79c015.mp3str	30539	0	5c7daa4110b442f5acaffe5e1c6ba3d6
.godot/imported/select.mp3-3da5ada9975e18071c2deec4f42f5171.mp3str	26111	0	f1a2f5979b1027b80ea5f801241d025b
.godot/imported/select.mp3-430011ae29803ceb2b412714f979ccd4.mp3str	42419	0	4b5c2280eb1329d0248202c01fe9bbe2
.godot/imported/select.mp3-46488111c66929d622b8d661d5a2b3f4.mp3str	23627	0	c8dc38cc4fb01df8d17d0abee0071499
.godot/imported/select.mp3-4d21f1f552191e0641e145af19101646.mp3str	21107	0	a5c7591c3187a5ef4e62594b0abd29c7
.godot/imported/select.mp3-4de56b6cf68c120738ad37414a9bbe24.mp3str	32699	0	80dcac6bee4b6da5672a25a823c0b8f3
.godot/imported/select.mp3-5091e6fb4ea042c79a7fdea1b222cd03.mp3str	24491	0	316f31a94c9f7ff886f4c7e8d2383ea0
.godot/imported/select.mp3-54f495300ce3289f564dd7ef25549e28.mp3str	30791	0	927dfa13c2e0fda9eeee64de21286a60
.godot/imported/select.mp3-631ffc0ee5c706af0b93ac4bf5dbf3b0.mp3str	37703	0	6dd29cd6fab702f435babee77536221c
.godot/imported/select.mp3-708e7790f0c0a16a8d152cdef10bbe5e.mp3str	29747	0	5891b145a0642416a004ff6808dc749b
.godot/imported/select.mp3-82af716df3347d57e0a2f55770edf564.mp3str	24887	0	2569c5184bcf951f88ced0a40015d722
.godot/imported/select.mp3-8a01f2364f540a1c8a1ce02683c5f89d.mp3str	44435	0	0349bbf4c53ae09bbc7e00c70d7afcc6
.godot/imported/select.mp3-8ec5db47b4cd4ed6f858f8e3b9248d62.mp3str	32375	0	77dc9f0c43922be90d075ef0ae4789c8
.godot/imported/select.mp3-92014901cedfe7830dde7e5fc7065510.mp3str	7247	0	51609bda96e8a24a56bac93f64618c51
.godot/imported/select.mp3-94a9a61bebbacdbc5e6252fd8aa162bf.mp3str	36731	0	88374967f707c65a0d373c7458ac3a52
.godot/imported/select.mp3-991895fa2a3dd5367c0ecc3ce4a2650d.mp3str	22583	0	ea775cb94d403747c0d410bdd38362df
.godot/imported/select.mp3-9a8aaf5bf71e8bf7ea986f059310e3d4.mp3str	27551	0	9c80356a0d3375b4eb6ee24a9dabb485
.godot/imported/select.mp3-a40b5c054a8ef0b8eee1330436c73559.mp3str	24455	0	95ab7762ffe1c8100f416c77c3f5d87a
.godot/imported/select.mp3-a737eb3dac1f247dd76dee029b55c29c.mp3str	26291	0	91574f649ea8be3f0d8790e218220963
.godot/imported/select.mp3-b92974c143916fb27a361834b6c9eb5c.mp3str	24311	0	028e49afa27f7503e9121b953e27b742
.godot/imported/select.mp3-c834ab23996f12c47307c243d0516d3b.mp3str	24635	0	8ce59308f55fd8d51d6db83a17a876ce
.godot/imported/select.mp3-cc89be37f3941fea94f04a1ea90b5528.mp3str	20243	0	dc1f8fbb7d8334851c3399e1d68fbcb7
.godot/imported/select.mp3-ce60255f9c8e0f8b4205d0d868922e3b.mp3str	9479	0	5e9488c3f488e1005c21bc346761894a
.godot/imported/select.mp3-cff98d10dcf7563c7e17beb630413265.mp3str	23987	0	1536fe5fd43c13f08e281654f71ae9df
.godot/imported/select.mp3-d2cf7f93bc060776062bb0e4d0f7de4c.mp3str	17543	0	cfb6c675f0e33cf495ea465dd02cf029
.godot/imported/select.mp3-d314e43bc0a38a08606570b2c74ea432.mp3str	27371	0	093467d83cb67156b82adf0f70ede36e
.godot/imported/select.mp3-e07fd8613e419d7c3821a290d3500d0b.mp3str	17183	0	471842612439c3dc9b6f0c573f9100fe
.godot/imported/select.mp3-eb69af0eda23f16de0e463d1552349ba.mp3str	26507	0	3eeea627d217b386a2a4d082322824e0
.godot/imported/select.mp3-f22281e7747421392d7266a6fbd85592.mp3str	34247	0	7ef7dcc4e3057f7aeeff5e25d67df705
.godot/imported/select.mp3-f5794890c66e4c83376f47082fbe8f95.mp3str	54011	0	27142caf1bf3b7f893165699826e6fdc
.godot/imported/select.mp3-fc8143804d71c74984ee3b178307b6a0.mp3str	26975	0	0047f40f650db0b1b9a0829c769595b4
.godot/imported/select.wav-2439b8c5b93ee59fb795cf1aad167371.sample	12403	0	96000e0823ff591aa3c4e2a84a24511a
.godot/imported/select.wav-4f6af16f9b8bbf5b2b68ca2a65e01d92.sample	48363	0	15305162c56e5dfa651326444ea5b647
.godot/imported/select.wav-58d97ac086425e1886defa5c0f1b2458.sample	40795	0	78bbc552fff8c4cc9723a719791630e6
.godot/imported/select.wav-5da80cbf8899d8848f72c3cb089ed51b.sample	33779	0	59e62212535494581c8006b77ea0c76c
.godot/imported/select.wav-645985d7a76e05796e4e325d7b52e648.sample	10947	0	673a98f97b1cdf17993704c5c5d8fef4
.godot/imported/select.wav-c5c78d9bda3c0590369dc15b46d5c11d.sample	67659	0	8d39c1e1bb4d428e97c366b74f4a9c81
.godot/imported/skillRespond_001_1.mp3-8658ad0b2c4688d41a171269f53ce228.mp3str	33399	0	88f77810f27bc8107863e38ffd057335
.godot/imported/skillRespond_001_2.mp3-fcc22d9bce18fccf30d9889de9b83145.mp3str	22947	0	405bce0d8dd55c44cb6efeeab922aaf6
.godot/imported/skillRespond_001_3.mp3-a63af3328c87a001b8aad2b0547a159f.mp3str	28383	0	c6dff7a9519a4a16e0b2ea1ba9a0a482
.godot/imported/skillRespond_002_1.mp3-b085954230a561fb416bdde92664f6ad.mp3str	48027	0	e86cd54e70aadc4330dfdc5cccf2ce28
.godot/imported/skillRespond_002_2.mp3-00bf0ea2b8c020ba503ee88452059a34.mp3str	12083	0	58139c87c400dff2c914fe8df1570a1a
.godot/imported/skillRespond_002_3.mp3-e166994ac1038d1627f02a1d52280b40.mp3str	27547	0	78d32dbf8f3b01b1ee7b7e66b7fd561a
.godot/imported/skillRespond_003_1.mp3-2a96433b68984814b63bcd0348a875b8.mp3str	19187	0	5b0a09e11bb14bbe81b8d44f9b2af26e
.godot/imported/skillRespond_003_2.mp3-9c804e45e1e7c4bff7b10013bf86f10c.mp3str	19187	0	7f1246d1525dff989b1e430e8dc0eb44
.godot/imported/skillRespond_003_3.mp3-98f6639c51461ef55a8f17c481cbba9e.mp3str	48027	0	e93e8ca4e733e868ce2a0b4aae42f7c8
.godot/imported/skillRespond_004_1.mp3-e7bdcda1bb699fc35634c7e221be384e.mp3str	23367	0	ef950abea10e37ca20f98d60ad784424
.godot/imported/skillRespond_004_2.mp3-4f978f3539f9a6afa708187628d514a1.mp3str	22531	0	348d704ff6570b28072630590f35de7c
.godot/imported/skillRespond_004_3.mp3-a9b59bcb140e6398790a60ef239714cd.mp3str	18771	0	825cf251ff0c1b680643331d9119566b
.godot/imported/skillRespond_005_1.mp3-83ae339314694ab788f281d651a75d59.mp3str	19187	0	525fd9b89ddb034e196ca083f553d83b
.godot/imported/skillRespond_005_2.mp3-57007cfc74a309314a9ce76378495e9c.mp3str	21279	0	2a9fa372daebe5e9fed992888a3c4baf
.godot/imported/skillRespond_005_3.mp3-c66dace65a833d1a9d0683719110ba9b.mp3str	27963	0	2851a4080f24604c275eb4a5bf842bd0
.godot/imported/skillRespond_006_1.mp3-1243858b63943e2d37a833e8e9418217.mp3str	32979	0	d2cb302422fab7721ffe1a7309693540
.godot/imported/skillRespond_006_2.mp3-4be9e0990b50d3444222635547f42bf9.mp3str	33399	0	6b031aebf33c9156d536374dc6f1cc2a
.godot/imported/skillRespond_006_3.mp3-39ed7a968afabcb2d8249135aea545a4.mp3str	32143	0	9c0e8eedbc7479b996d2afca1308bc9a
.godot/imported/skillRespond_007_1.mp3-05373746b5c566ebb1b1133266fa1580.mp3str	29219	0	96c584b0d967a57ab3783b3f9a9c83df
.godot/imported/skillRespond_007_2.mp3-fe8b508764c4485f6583af7461b6ff83.mp3str	26291	0	cfe7c23f5ee6b7ed73afca0bbe96bff4
.godot/imported/skillRespond_007_3.mp3-942a62a2a896eb682fb441c092123b18.mp3str	30055	0	bd5b48ff8255a1284b2afc1ba69b5ed8
.godot/imported/skillRespond_008_1.mp3-ff401a84c78c612421aea69430d2d3be.mp3str	24619	0	e7cf8f03ef9deff4f80bd94908069603
.godot/imported/skillRespond_008_2.mp3-3056e835cf12f18055593fb9292a14d8.mp3str	19187	0	9a817701f3579cfcabecf296f6aba5c7
.godot/imported/skillRespond_008_3.mp3-4c3827dd0f05b928c39f4c8268760e54.mp3str	22111	0	d827bbf19c76db6c630bc049567b5ccc
.godot/imported/skillRespond_009_1.mp3-c4d4e7e8560af6c1d87a70deebd63ca9.mp3str	37995	0	253037baaf7004a8fa935edb4a84b4d0
.godot/imported/skillRespond_009_2.mp3-25f5ab5bab961936883f440a96869b91.mp3str	33815	0	a77b20c72aaddd456c8377974a93b958
.godot/imported/skillRespond_009_3.mp3-f7b4a4c666f8b005ca53b9bbf2bb4a40.mp3str	21279	0	a8b44dad5e48395c1f3ca04e58a5dbbe
.godot/imported/skillRespond_010_1.mp3-618f4963f5362ee0bc88d35dcd3e1e0f.mp3str	19187	0	f01a15147321f4feb33fe0410f37d37c
.godot/imported/skillRespond_010_2.mp3-5ea6328706324eaaea5911cbc49972d8.mp3str	31307	0	02b6fd97cbfbcb8e61ee454f6bb3ef31
.godot/imported/skillRespond_010_3.mp3-488f0f63128525d4967651b1e8691014.mp3str	23367	0	ec19d96b9db09cdab23a3e6867a32102
.godot/imported/skillRespond_011_1.mp3-b6d3aa358b2a296b96eea61238f0d827.mp3str	32563	0	c505a75712505c414c5e3045d47f275d
.godot/imported/skillRespond_011_2.mp3-dd7991d36d630e6a7b9f20f8a5ddfd56.mp3str	29635	0	5873f0301874a13563dc06b8a64b2235
.godot/imported/skillRespond_011_3.mp3-12523128ea07f4ddd0efb782c999bdb9.mp3str	19607	0	960992a572b30588ee09494cbe67675e
.godot/imported/skillRespond_012_1.mp3-8bb37e7f07d466da9e0e12b6fdc7cb81.mp3str	86895	0	6e728debcdcd0a205d6bd0726a9c14d8
.godot/imported/skillRespond_012_2.mp3-5e780722f49da56d34bcf80419454ac1.mp3str	88987	0	d3ec7d7cb29d298176383c5e8aa5c385
.godot/imported/skillRespond_012_3.mp3-bb30635c8bb972e255a029a4aff7ef28.mp3str	55131	0	c98e996795db64445904e998316d9beb
.godot/imported/skillRespond_013_1.mp3-c4456b41db8e3be698acf0227a757540.mp3str	22531	0	4bf813838ccd2bc48bafd764b7452c2b
.godot/imported/skillRespond_013_2.mp3-358b24c63582bc153f484593b19c5df7.mp3str	25455	0	fee3a203c6ea012d7ed2949c69b3f3ca
.godot/imported/skillRespond_013_3.mp3-18b10a4645a9038bd1d0d9a5ec8ea983.mp3str	25039	0	f108af7dc9fb63729ec01799b2b27d53
.godot/imported/skillRespond_014_1.mp3-6a85c98e94e52460326cf1fb315fb4c3.mp3str	26291	0	354329ab6af712892a4f9cf6d234eae7
.godot/imported/skillRespond_014_2.mp3-e402f1e6d67473434ea9b1660df82656.mp3str	37579	0	7c73b71b8698ffc15815a844a7c1551b
.godot/imported/skillRespond_014_3.mp3-331852e95e77568ff4cb6133910ef89a.mp3str	60147	0	592fbfd27395815b41614f4b683fe257
.godot/imported/skillRespond_015_1.mp3-1b0e6764f640b993a9a6613c9f37e555.mp3str	60567	0	2eb11f176574d3978d73529959d7238f
.godot/imported/skillRespond_015_2.mp3-0e84d4e136f897fab63aad74bc4d96d5.mp3str	36323	0	56767b69843322f6599540f6dc94c70c
.godot/imported/skillRespond_015_3.mp3-0de563df93578ee71fb12b5ec1569c95.mp3str	45099	0	1b39ac6a1bd0418532ad437bb30a6cd8
.godot/imported/skillRespond_016_1.mp3-3320fe1c4eca410ef1406ce86010fac0.mp3str	20023	0	077d8f7c36e73da78087a8ea4ebcf598
.godot/imported/skillRespond_016_2.mp3-3ed438ef85310ec49b42ac93eaaa60d9.mp3str	32563	0	3962f82619e388fc408a2016fc2f0ed0
.godot/imported/skillRespond_016_3.mp3-826fc25966b1aa0ad12e1ee7133cbd83.mp3str	59311	0	602a14849a9e9570281a7a65cf25f502
.godot/imported/skillRespond_017_1.mp3-a25a9d9b83ef18163010e885dc77fc06.mp3str	20859	0	a6b21367df211ec10618afe77f213679
.godot/imported/skillRespond_017_2.mp3-bc5560c1bab78ba9ba20d7d607d88ed0.mp3str	22947	0	5e5f12cbd112f9e4ceebca9ab3247668
.godot/imported/skillRespond_017_3.mp3-cdc884ddcb8030b45e5a279828731a17.mp3str	63491	0	a02ae80d5355465fc19ab5d3ceb65c52
.godot/imported/skillRespond_018_1.mp3-03e3b2fca3c263067fe69794e3e5b7cc.mp3str	66415	0	65cb43832e5b36047101157fed1e15bf
.godot/imported/skillRespond_018_2.mp3-6b8afea68cd22387b60c89d93f6ecc33.mp3str	51787	0	328c6477796f2abf4234b0e5a007c0b4
.godot/imported/skillRespond_018_3.mp3-3f2028a96b8956b22c78ef353c81b8a4.mp3str	68087	0	85ca181decc6770a20b56c36e9043154
.godot/imported/skillRespond_019_1.mp3-d5be2fe93f5a552ec93294be893cd481.mp3str	53879	0	8b7bdad3707d4f974bbc2501bc976db2
.godot/imported/skillRespond_019_2.mp3-87b32af12db3cee63db7bb4991a10723.mp3str	63907	0	37d198f45fc2f4a145ccdcae2eb5643d
.godot/imported/skillRespond_019_3.mp3-1df11587d9261d2f5212d77e18f1925b.mp3str	73103	0	0e4bc6b5a946a1d833a66f92acb8a6a6
.godot/imported/skillRespond_020_1.mp3-06017c595f3e49c690d5cfdcf37308d7.mp3str	34651	0	a873312079abf380315aeef60d768199
.godot/imported/skillRespond_020_2.mp3-df32d8ae3e4280e85dd3b80a828ac789.mp3str	49699	0	500b659aad36adfb47af01775813ccb7
.godot/imported/skillRespond_020_3.mp3-4f0ae6b2716a97b3cb5781488a0d0832.mp3str	73103	0	3e844a71aee6251a80deba34d0bc781e
.godot/imported/skillRespond_021_1.mp3-be3b5298e895b886efe2f02ccfeabf36.mp3str	46355	0	894813df16c6d8c9c2dca9066e727d9e
.godot/imported/skillRespond_021_2.mp3-02da8b685f237cf54d4b0ee6b21d2430.mp3str	53879	0	831134506e9b989550b7cca63c2685d8
.godot/imported/skillRespond_021_3.mp3-335edc5181acc8f2e326752c708c319c.mp3str	39667	0	3dad021b1fef71c6b8cc3266c7fca228
.godot/imported/skillRespond_022_1.mp3-10d53b1a2a16a02ba3ec264de129bfcf.mp3str	30471	0	094ca3edfbec661c9254616d956a7f83
.godot/imported/skillRespond_022_2.mp3-f6bde2a5b0c68645a3b3efa7b77215ee.mp3str	37579	0	2f0a69820c7f89f9b3dcfe59cb4772e5
.godot/imported/skillRespond_022_3.mp3-548e6152e4bf8a62da57aa0240920c07.mp3str	56803	0	66127b685be7871e4e7a002507d73370
.godot/imported/skillRespond_023_1.mp3-fd95619e744d883fd1ad66f411440e33.mp3str	37159	0	0a2fb2980e785cf65524243c6ad5e08d
.godot/imported/skillRespond_023_2.mp3-a242fdc849083149f4762ecef8d012d1.mp3str	37995	0	7885efe8ae4417252ece23e1c6ef186d
.godot/imported/skillRespond_023_3.mp3-03c95bc9471abb72ad9ed137e88061fa.mp3str	26291	0	ca9ad6641c997e4be8a552a103b965e7
.godot/imported/skillRespond_024_1.mp3-139b2da2bb9c81a607021618d630d7a8.mp3str	62239	0	e3e2b638049437f191ac98af0c6ba226
.godot/imported/skillRespond_024_2.mp3-b68e9ac2705c05007ea334df8cdc1d00.mp3str	49699	0	2eb3bbacb730966891bf87b4327182e5
.godot/imported/skillRespond_024_3.mp3-f86d7a9bcaba2c3fbfb6ec2be4dadaca.mp3str	43011	0	f65eb3ce2e1e081f2ecee3d0299b085b
.godot/imported/skillRespond_025_1.mp3-77f7bb90d2eb47b606fad4ce1037ab47.mp3str	71015	0	813aeefa24a0a0d52c93fff56d498eed
.godot/imported/skillRespond_025_2.mp3-7cb3e22d222d2e1d911f5e56249e3d28.mp3str	49699	0	9d444a71a723b94033fa95ceb1578e11
.godot/imported/skillRespond_025_3.mp3-32c76979014068856eaf39af8beae22c.mp3str	54295	0	fc6a01bb47d35a17d38a8e62e6997439
.godot/imported/skillRespond_026_1.mp3-01c4bf5387fe9d3e8fda14ae2e5c06b2.mp3str	26711	0	797e672ec360c435fac75202c1586f29
.godot/imported/skillRespond_026_2.mp3-24e0976d6efeac6d3575e18da136ade1.mp3str	34235	0	473d8adef25a6322c9fec219c2791d17
.godot/imported/skillRespond_026_3.mp3-c5c941624615cacf97fd06e71c368e7e.mp3str	40503	0	1cbc55da6433796ea4e82685ed965c90
.godot/imported/skillRespond_027_1.mp3-a72148171f3a61eaccedcfb7fc32b651.mp3str	30471	0	5548cc9a3b65445c6c208a99ded42650
.godot/imported/skillRespond_027_2.mp3-3d0f59d3fa09bf4faea1e376c830f8cd.mp3str	35071	0	13117567b129961eb7af4e985f4af195
.godot/imported/skillRespond_027_3.mp3-3055cc0876fcc3d1ffd555ac9107fb6c.mp3str	40923	0	0782f081e4ca294a2afbc1878f766f73
.godot/imported/skillRespond_028_1.mp3-08cb6584671ca93e3ba3de230edc33fe.mp3str	24203	0	351233285719d97b8dcdd1100f1188fa
.godot/imported/skillRespond_028_2.mp3-0ddfb84ed1e8392060ce25c3c4a6a572.mp3str	32563	0	bb70f6b6ad628d6b449415f7087c2990
.godot/imported/skillRespond_028_3.mp3-c275e1acdaab8b7237eb106e7874e958.mp3str	35907	0	062f359b74ab5d488cc69d7924968a72
.godot/imported/skillRespond_029_1.mp3-96deb86a628e4d5bcebe8a8fb5aef9e6.mp3str	27127	0	0548066514a704002109bb4dd1d3c222
.godot/imported/skillRespond_029_2.mp3-86b5bb1bc60fd2f4534cbbbb5b9312e0.mp3str	32979	0	1b0a0884d8cdad0dd285b306f4c8de9d
.godot/imported/skillRespond_029_3.mp3-fde13c1ce3afbc193e3c977f0c59ab79.mp3str	21695	0	007f0ec8f5c80ea3b8004b3629700c4f
.godot/imported/skillRespond_030_1.mp3-d37d07348a1ae587993ef9704a78d44e.mp3str	25875	0	8e359a015ab52465a324203111cc1e5e
.godot/imported/skillRespond_030_2.mp3-5610fa7e9d092cb85ca39d867fa0de04.mp3str	17099	0	39f76a75ce68ba149d70d581728143bf
.godot/imported/skillRespond_030_3.mp3-e9c78b5cbde044e6f9b0679ad0795217.mp3str	25039	0	db3363866cc6808b1665fe6b480792d9
.godot/imported/skillRespond_031_1.mp3-8087e088b42db4b095c5605eee77b628.mp3str	18351	0	464c5bb20ab371fa56af2db4055d1627
.godot/imported/skillRespond_031_2.mp3-7569003aa48644df7438659d2aa03f5f.mp3str	21279	0	accb09d9fc9905efb08df4ba7588d837
.godot/imported/skillRespond_031_3.mp3-08d6edd1c693a86ad89d3eb6757865e2.mp3str	20443	0	8d251f7dcf7e8320981f6e5f4bd31a14
.godot/imported/skillRespond_032_1.mp3-c8e4aecbd035c00fb93592ad6ca63f4e.mp3str	16679	0	614ff1a7e86c3717572071522b9faeb6
.godot/imported/skillRespond_032_2.mp3-4404005bd348ef3c57ad836889d87250.mp3str	14591	0	5c1482d5c1dac08b632cc99ecb089108
.godot/imported/skillRespond_032_3.mp3-caed3f481341b40d200d9876ab28c4ef.mp3str	30471	0	fc797d1460f10d86aa3d824687268479
.godot/imported/skillRespond_033_1.mp3-9babd5d56c5f7c991721a913406c9001.mp3str	37579	0	c988c6c1cdeb5335e37c0f5cc735aebc
.godot/imported/skillRespond_033_2.mp3-87804313477eebe9ab66266546521488.mp3str	23783	0	3af7750a2b4a4bb5d49931d44c082e44
.godot/imported/skillRespond_033_3.mp3-60a013db3691cafd986f47238ad26a0b.mp3str	21279	0	9e9aa1e5007a396a9d15825b317e66ce
.godot/imported/skillRespond_034_1.mp3-60a177f9fa8c8f6a9c15cad493751768.mp3str	25455	0	110c98a7608ae1091e008b28bb672d7c
.godot/imported/skillRespond_034_2.mp3-6c6c8d5f3dd4fbe848aa55c2b327944b.mp3str	26711	0	3b6ea8a1b1f0380a81375cd0f921dbda
.godot/imported/skillRespond_034_3.mp3-346ba882965d8ef45068da579eb4a97c.mp3str	26291	0	9d1546ff444035027b3a1aac827ef4ef
.godot/imported/skillRespond_035_1.mp3-003fb1163efa5f00aadaaad93b0a5763.mp3str	17935	0	5d3e0f0fadad20d03403bb98f6fc6a00
.godot/imported/skillRespond_035_2.mp3-1fe941da053cf881b5b25c340e368e59.mp3str	43011	0	4da425c83721a0911eb5986ca05175c4
.godot/imported/skillRespond_035_3.mp3-b73853e18a3365c825f84d4c1ed62e90.mp3str	31727	0	75a46d89596f13c38c3b0e9480110977
.godot/imported/skillRespond_036_1.mp3-b2a4dcf2d82cdec582d11fa3ba884ae0.mp3str	11247	0	1ab7da58b019c9a49503cf0c105e1eae
.godot/imported/skillRespond_036_2.mp3-199ae6236afb010ced41f2f3442ba77a.mp3str	25039	0	0422312895fcf9f00f7bc4ad2dbcb9b8
.godot/imported/skillRespond_036_3.mp3-1f27dca89f507ebb22da8670b36e4003.mp3str	32979	0	8e885c53c8a3bf75f3571fd1a6194706
.godot/imported/skillRespond_037_1.mp3-6a55feedf1e4a42994a48c4862e9f296.mp3str	16679	0	993fb9a51259b3333ff8246e970ee34b
.godot/imported/skillRespond_037_2.mp3-d82bc75346753214d09a7e4ad527899d.mp3str	35907	0	828f01852c89a64220b5f336712e88b1
.godot/imported/skillRespond_037_3.mp3-0e870430fbe9a094ea2b7758b7195f05.mp3str	15843	0	6439c8c11f3767ec2a381ba9aa4ae459
.godot/imported/skillRespond_038_1.mp3-6731b0c0c66112433d2b64440990b041.mp3str	10827	0	a89a0537a4affb88de621c2367a8239b
.godot/imported/skillRespond_038_2.mp3-ff29e365a7fac6381e3feecccde33343.mp3str	14171	0	c5be6ba8dc0a1dee11175af5493d1918
.godot/imported/skillRespond_038_3.mp3-01e6509ec9d7d3716eed083ab38104a1.mp3str	12083	0	c48c50a3a26ef89de6cf5c84c705812b
.godot/imported/skillRespond_039_1.mp3-103fe541314d9ebc834f06c9890dc880.mp3str	16263	0	a7349db3220670f27f30636f05a20039
.godot/imported/skillRespond_039_2.mp3-580ac7be279fa433d8ebe279c846de20.mp3str	35487	0	946b62ad60881c32dbd3916f3cee106b
.godot/imported/skillRespond_039_3.mp3-4aec2838c0d5c3a183548fa1cdd36d64.mp3str	22947	0	79c91a55f904c70ca1728c0ce710bbab
.godot/imported/skillRespond_040_1.mp3-231a0e4bfc7c6ae213843166f05ac2d5.mp3str	17515	0	01dab83bcc094de1de275d6d693ba3d6
.godot/imported/skillRespond_040_2.mp3-3514533f10b3fe2c5569db67773a0c70.mp3str	12919	0	7f99a435b3e38b55e02a10013e1fc117
.godot/imported/skillRespond_040_3.mp3-fdeceef0fa5476df8af7ec1cf98f00db.mp3str	17935	0	6485c78eb867a1bd051c1bb89f84ba0f
.godot/imported/skillStart_001_1.mp3-8bcd977aa777c8dfa665dd4ecb137bf5.mp3str	18351	0	9b8d7ac0051c1d0fe61310737aaaf72e
.godot/imported/skillStart_001_2.mp3-98932cdb6d7a0ab1b46a20b0dcaf0c66.mp3str	24619	0	17b0eacbca143320ff039a57318d3a8f
.godot/imported/skillStart_001_3.mp3-0de3e7bb510799c4ab2df89862c0a2da.mp3str	27547	0	be7fb68c3cd1539af627ff100b8e2548
.godot/imported/skillStart_002_1.mp3-c1883b73f232ae3a93853446b8b7aa36.mp3str	20443	0	9b8a6527bd20b5d5b0dc6394402c72a3
.godot/imported/skillStart_002_2.mp3-ded518ea24e5202e6351a499f6c778f2.mp3str	30891	0	11037d39df4d5689663d3c868ee0fa6f
.godot/imported/skillStart_002_3.mp3-b6cdcb88794071ef2dfc6666e4563d3d.mp3str	30055	0	235365ad623f913cad9188067df0b05e
.godot/imported/skillStart_003_1.mp3-620fab60e05ce37fbfed40b49bc09b79.mp3str	17935	0	6af23d638df52e12bf24cdf034c3f31b
.godot/imported/skillStart_003_2.mp3-fac2b59b80005cde7686290b883eaf1e.mp3str	32563	0	b6d88fe1dc48a2795219bafdae8ace37
.godot/imported/skillStart_003_3.mp3-adff3ee014682ef8db6058c8a3d04992.mp3str	21279	0	c5cae7d32f321a670c570595192785a0
.godot/imported/skillStart_004_1.mp3-9f83864a6595d1362d295df3ae727015.mp3str	11247	0	e95881008108abb9b4af228f49f2dbf8
.godot/imported/skillStart_004_2.mp3-feb9fa4c903118090cf881fffa1b9d0c.mp3str	11663	0	330f54d42b94e835d6dcf03d8f4d14fd
.godot/imported/skillStart_004_3.mp3-17444ef08b09ba1a06616708b0caff94.mp3str	17935	0	b8e599324a382fec1d9127486f274bee
.godot/imported/skillStart_005_1.mp3-58f228d66ffd57498bb7a127d4ccf49c.mp3str	35487	0	758465ded01467679d4d4f858a4b7be2
.godot/imported/skillStart_005_2.mp3-85a57cba877d6a3d8e9310633aca144f.mp3str	39667	0	beecf3b7bc0f4e6d9f5bb5a14a3e662a
.godot/imported/skillStart_005_3.mp3-859d8e31913c057636f7f643d1b8b934.mp3str	41339	0	44d2f82afcf88e132eda173920f667d3
.godot/imported/skillStart_006_1.mp3-44df2a1de5c6a862685179f428c0dae0.mp3str	15843	0	805e10e7bdee85709d0f71e7d19e9d44
.godot/imported/skillStart_006_2.mp3-d85ca03146146ff292131c43676d8263.mp3str	11247	0	4a2547333694b5d33a3469b38c9dcbe6
.godot/imported/skillStart_006_3.mp3-3a52814b4fba0bc7e30659d6e34af204.mp3str	15843	0	1ff5a704ff07bd8ddfad0c482189dce7
.godot/imported/skillStart_007_1.mp3-9e7696d56332961fa552e3caf34e627c.mp3str	20859	0	cb422a7c15ce065e44138be2e4262b60
.godot/imported/skillStart_007_2.mp3-a20de629658f78fda80c45e1434533f0.mp3str	20859	0	8b668d3a483496d41fbec8bd72dc6ff6
.godot/imported/skillStart_007_3.mp3-049435839998aab21a725930567cfe45.mp3str	22947	0	dac9609a02552b6aac5a5074901e78b9
.godot/imported/skillStart_008_1.mp3-db788627d16e5690100d5c672a6fe3ae.mp3str	20443	0	71647594e301f9f2e9ec3c994bf91fc2
.godot/imported/skillStart_008_2.mp3-f5345c8b5547d6b26c2dc4ec283ad983.mp3str	12919	0	c72e2ced64af72234baf3bec2ce57968
.godot/imported/skillStart_008_3.mp3-9208081a8cfce7ceada77e47dd56144c.mp3str	18771	0	0215dc79798028b73b81647e082953df
.godot/imported/skillStart_009_1.mp3-cb3dc9b5f88f084f4eacbaefb801c17b.mp3str	24619	0	f70b93ecd853f4e5f22f0346583a5c15
.godot/imported/skillStart_009_2.mp3-00a9cd728b376efd1081835e9ccaa57f.mp3str	11247	0	101e45082c823151c0000b0d668b0705
.godot/imported/skillStart_009_3.mp3-cd7a96bd0b5ceef0aacf1f2376b376d9.mp3str	16679	0	12f8754e57bf45841f43fae81f785cef
.godot/imported/skillStart_010_1.mp3-b9e8abf840d7b410e356e75f467a8d72.mp3str	17935	0	0145673088a869abd90c34e1c84f7419
.godot/imported/skillStart_010_2.mp3-9e79e67b8e19ca12292a1cc42f1c5ae5.mp3str	19607	0	baaa400c97f229557b81825844ca20a9
.godot/imported/skillStart_010_3.mp3-57b751c056a730c73364decc0401ab1e.mp3str	16679	0	6ed97aea0de09bbd144d652dd8a6a761
.godot/imported/skillStart_011_1.mp3-03d8c3b8a399dda55e21e1d7a1499cf0.mp3str	14171	0	4de327581bcb8ccf518cfc95713ce8b4
.godot/imported/skillStart_011_2.mp3-f16b6197960eebba6c59cbff23b9a7f7.mp3str	26711	0	10285f7b9786797a5807bac0317954b6
.godot/imported/skillStart_011_3.mp3-abcaa9135a9db8e2e8635f9e9d85ac64.mp3str	12083	0	ec89c6f533c3675f8f5b7eaf3aa67bb0
.godot/imported/skillStart_012_1.mp3-e308ab38cf4ac06ff100af57d2ac402d.mp3str	40087	0	8d6044c730931baa67b83c3210bfc1af
.godot/imported/skillStart_012_2.mp3-4fead8e012f738db9804985e793be30b.mp3str	32143	0	c5a5d78af7d27afd0394d4d2512458ef
.godot/imported/skillStart_012_3.mp3-c12ad167baf90fc1966f502c1c78d43c.mp3str	46771	0	8f71da8595bc56f89f02940cc79f2cc0
.godot/imported/skillStart_013_1.mp3-3137fbf10ff782f5d44dd5780d8db254.mp3str	13335	0	ab78665f9872f8888bf7aefa05f4638f
.godot/imported/skillStart_013_2.mp3-a011dc45d8739f94b2fc1dd2aa32dee9.mp3str	11247	0	84ea31902b864b34495cf5a3cbfc6da7
.godot/imported/skillStart_013_3.mp3-393d878c34454af798e7385a26d1cd77.mp3str	10411	0	edbc67f9b4dfe6c78a7ee70d6ff96f4b
.godot/imported/skillStart_014_1.mp3-238bbf49d58b302cd4a7ece43267804c.mp3str	46771	0	28830bd338604ab656334705075b28a2
.godot/imported/skillStart_014_2.mp3-308ee9c543b4115db172216a1c99ec81.mp3str	17515	0	0a9a101c0423a65b5cea6ad891718c6b
.godot/imported/skillStart_014_3.mp3-240a00e5e989ade602c4fa15855e3a4c.mp3str	37995	0	a87b0926328c8ab65b5f073fb3e2b371
.godot/imported/skillStart_015_1.mp3-e6fbbeb776e20e1604f64d4ca859cc11.mp3str	39251	0	50b627fc074e0c2fe555f546092b39e2
.godot/imported/skillStart_015_2.mp3-f74d608d44eb19061ada663fc4c0fa89.mp3str	54295	0	65d6cba9ef243810b5ecb2c5da789316
.godot/imported/skillStart_015_3.mp3-8cea194005908d5ee2bee876218c2a96.mp3str	38415	0	e09e098a9b5667b4351a276c9e284917
.godot/imported/skillStart_016_1.mp3-2e3140295c2bbcd4cc2f90c10de3de93.mp3str	10827	0	009872b98cb328f220b4af7b976a6daa
.godot/imported/skillStart_016_2.mp3-344cf043ca46d95b9aff37471a6d43cd.mp3str	15427	0	cea5c2bafd5a2685e27b1f9cb9522cb5
.godot/imported/skillStart_016_3.mp3-2ea8bd09eb78bd0d8f066c5d1a3847bd.mp3str	9991	0	fbc3688187630c58ae375479c32c0c63
.godot/imported/skillStart_017_1.mp3-bf395dd135c5b44a1a14840c3a8d07d7.mp3str	21279	0	ddc3a9f03a3bfacc76a0b124c2a6a579
.godot/imported/skillStart_017_2.mp3-f13cb003f5df8a32f8af409628ce6038.mp3str	14591	0	c29bb24305bef899e49f1740b3be0291
.godot/imported/skillStart_017_3.mp3-850eea6dc7d670b2c951f530428b3fd3.mp3str	27127	0	2d320587b74030c4d4a02a5c00686656
.godot/imported/skillStart_018_1.mp3-748555a88dcc5ad2c806f81eaffc08f5.mp3str	9155	0	a08056e618b97afa439fd539e6f2faff
.godot/imported/skillStart_018_2.mp3-e6957c9e303e812bd89c12f464ce0b1a.mp3str	10411	0	2b1c7dd6cf62259985d6facc7bad56e3
.godot/imported/skillStart_018_3.mp3-4ab7dc9f3f48966d29f78c65fb91fa25.mp3str	12499	0	6b8afa5af7864f4f41573415bd61b929
.godot/imported/skillStart_019_1.mp3-58bcab3cfdf23c26323ab5de5e1fdb86.mp3str	12919	0	3e34b50d44fedf81ae1526fa9a2d88aa
.godot/imported/skillStart_019_2.mp3-3239fd0738aed2f8cce737ed3208a8b7.mp3str	15007	0	34c1b14e5971724d2e1312067a144ab9
.godot/imported/skillStart_019_3.mp3-11837c461140f107af820bfc06e982f7.mp3str	20443	0	3733aa7d66b08dba67fd93156b3ef800
.godot/imported/skillStart_020_1.mp3-febba769cb5b23b12e2871baf40b8e88.mp3str	17935	0	d92e7b95f61ed801db1651cb3980cdf9
.godot/imported/skillStart_020_2.mp3-3d04a44c4bde8a808c4d6b0e2f94cb25.mp3str	11663	0	82b5e29478cfb1a57e5a4d0f1571ba1c
.godot/imported/skillStart_020_3.mp3-a8fe9a5d7c8093d763eac11121fdfb8a.mp3str	22111	0	e02660678259f59e0f75377672ffb056
.godot/imported/skillStart_021_1.mp3-09181dca86b3772a0578dbf05b359fbe.mp3str	10827	0	9d5bc3227f9efe46cfffe872474769a9
.godot/imported/skillStart_021_2.mp3-56cb23915fdb0ad9419d8361721c3c3d.mp3str	12919	0	b7cae5a8f620edebe6cee4776c1122b4
.godot/imported/skillStart_021_3.mp3-3aa91e15d77f0f0a567fa1bdea22a058.mp3str	18771	0	18be717ce66fc235dc6686ac1fbd2d07
.godot/imported/skillStart_022_1.mp3-dcdbd3922f3654dc9d1b2c3948f22299.mp3str	11663	0	5e5280a672ec77ba71ddf083ed36d195
.godot/imported/skillStart_022_2.mp3-3275187cc0f6b759430a13c31307bd36.mp3str	17515	0	1d323d2b9da77f6f9bb11986396a4019
.godot/imported/skillStart_022_3.mp3-2a9169d11ec88a378f5ee23f8b6f2e6c.mp3str	17515	0	8959ede4303dfe123a0c5c9b0e267f39
.godot/imported/skillStart_023_1.mp3-7e0ca356b7235bf38af58448169712c5.mp3str	20859	0	d551c18e249a84879e533b7887d1225f
.godot/imported/skillStart_023_2.mp3-428e23bdf8f426f91c566a4881c1d12f.mp3str	33815	0	e4ff82b2945eddb0fe7f746d1a7a361d
.godot/imported/skillStart_023_3.mp3-eccb1bda53523df664c89ada3ced024c.mp3str	24619	0	173b7cabc86967d229110d61b5f4bde3
.godot/imported/skillStart_024_1.mp3-69d720eeaf168a634ee2f223f38f854c.mp3str	12919	0	eea991da43e028e28fc2e01a20d31071
.godot/imported/skillStart_024_2.mp3-91c0e86348c21d4eccfd26f1fffbddc5.mp3str	15007	0	55689f21c17e548edd2002e2f5c2cb53
.godot/imported/skillStart_024_3.mp3-bdd56deb3bced20dfccd31998ef2d309.mp3str	19607	0	3e7630867644c9713d2e3c133df278e7
.godot/imported/skillStart_025_1.mp3-045faf35a7c8d5933f7692ba1b7bbc94.mp3str	31307	0	b6e24460fc50647869e384cee4819348
.godot/imported/skillStart_025_2.mp3-b7cd5b78da01b5ecd9cae18c5d55057d.mp3str	35071	0	b49130205176476cc27a9e444ffd8811
.godot/imported/skillStart_025_3.mp3-a014342729241c4f147bf31c0571a3d8.mp3str	35071	0	e3bbf535fff241aa753b5d1a37ab7d22
.godot/imported/skillStart_026_1.mp3-0f21abc982c5e735b31db8841fb4c9f4.mp3str	25455	0	827a40424a8fa7894a323994e249b8fa
.godot/imported/skillStart_026_2.mp3-9de83fc2eb0993d0bf5948162b899d61.mp3str	20023	0	17addc5c73cd50b4c53fa42710e1fba4
.godot/imported/skillStart_026_3.mp3-b7407ca6d94344b5591442fbd5d415ec.mp3str	30471	0	7b541a056d50a0648f6321b2a104deb9
.godot/imported/skillStart_027_1.mp3-daa4c9b7c97312d7eb1ea922850081e5.mp3str	33815	0	e239e30b1c9a3019d15f30cbd0d4e10f
.godot/imported/skillStart_027_2.mp3-bf5f9622a265ff4f167efe89dcd9fc76.mp3str	27127	0	b56bfec388b70006ff8b740a334578e4
.godot/imported/skillStart_027_3.mp3-2426f9c87c9bdc901fae0e2001673d8e.mp3str	33399	0	fc8d53db598b7982493f0f5c56bf91e3
.godot/imported/skillStart_028_1.mp3-2ec1d3eb7039b77b007e412099fe6311.mp3str	29635	0	961642bf91af0beb61e66cea8385e8ec
.godot/imported/skillStart_028_2.mp3-5fd7f94c1cc6e3a01a3aae558c305b0c.mp3str	26711	0	a14f917489772159e8fb5f9481b7e7ae
.godot/imported/skillStart_028_3.mp3-4378420ca8ca885884eb3690c2c3a234.mp3str	33815	0	4a4a5b46b76de6b05c04f315818ee33e
.godot/imported/skillStart_029_1.mp3-eb5bfa1bf9f50db013f60f5556a54fa8.mp3str	19607	0	dd4bef745ebb71915a1ecb3210a2a1d1
.godot/imported/skillStart_029_2.mp3-34965894ba61647c72c2498eb8467ec0.mp3str	23367	0	8eef0f744a303e7126d7e1f0ae35dc67
.godot/imported/skillStart_029_3.mp3-22ff313e1abe234d39656fbce4259adb.mp3str	23783	0	411031820facefbe16f92d5be541d0bb
.godot/imported/skillStart_030_1.mp3-fb029506de5789a22aef599453bf0839.mp3str	17515	0	36b1539a8db331a8fd4452c2f6b453a6
.godot/imported/skillStart_030_2.mp3-ba5ba68a70c68bc92db30281e013fe4e.mp3str	25875	0	f0a2c440ca5e708016b43c6696774521
.godot/imported/skillStart_030_3.mp3-ec08a11502ca7416f9873859de2e564e.mp3str	20443	0	9fe98f0caf7d4dcd5975d6fc88086a91
.godot/imported/skillStart_031_1.mp3-e75633c781f9604395ed9e4a5426204d.mp3str	15427	0	40394227d764d77553aa1451c8c1ead1
.godot/imported/skillStart_031_2.mp3-f114189344cb32638ab501e77f6f8b8f.mp3str	24619	0	61ae3f0906f2afde86b1b9c260c3a357
.godot/imported/skillStart_031_3.mp3-d10a3e10885a450d0218b7ef17a0390a.mp3str	17935	0	c5b310773212255f1a92263cfd528441
.godot/imported/skillStart_032_1.mp3-eecfbb23bf238ebc9bca479bbf1e83be.mp3str	21695	0	e290138a9e1e42218b2829492b9a4e5c
.godot/imported/skillStart_032_2.mp3-c0ea8955b7d1d243138758bedf2672d5.mp3str	38415	0	50b9d0d4b6c56f1ee0e99190acb91f10
.godot/imported/skillStart_032_3.mp3-4089cfe0a1fc996861981cb034866f2d.mp3str	16263	0	cdb37acd58095c889f1838a746e3b479
.godot/imported/skillStart_033_1.mp3-6352b40b0815c8e99d632bed259e82af.mp3str	34651	0	bddfcbace334449ffa464dcf554fc2b8
.godot/imported/skillStart_033_2.mp3-113853c26801f3c58b699611550a84d5.mp3str	25039	0	c20aa99a192cee44d05476874d9b126e
.godot/imported/skillStart_033_3.mp3-68ce96e133d7b0e46ca7d80cd8100a40.mp3str	21695	0	1c43cc8cebcf39ab7eccf35cb529f5ec
.godot/imported/skillStart_034_1.mp3-4fd789a905bbe5b486cc7705e1a51b7d.mp3str	30471	0	ece60aadc201b1f388d2762de7831268
.godot/imported/skillStart_034_2.mp3-df6836c6ac1d289344f82d2e5a604725.mp3str	31307	0	6f056122378e77fc7e39c2fe831b54d7
.godot/imported/skillStart_034_3.mp3-ffa8b78c88062e8f131eadf68c0c84c0.mp3str	41759	0	07f565d1df45717d98560ed101b5f391
.godot/imported/skillStart_035_1.mp3-de9145b4edd938642cb0096a7ed2308b.mp3str	19187	0	b69766cb10a50cf285c295109c65f0b3
.godot/imported/skillStart_035_2.mp3-1be228e8813ea5de615bfaf058f36a30.mp3str	17935	0	0749614615ec4783a624fbd220ecf93e
.godot/imported/skillStart_035_3.mp3-71f95d8adb3a994ff46998ddbac9c4d0.mp3str	25455	0	a86bdc7c28ee9eb46abb35fc45ec628e
.godot/imported/skillStart_036_1.mp3-57a19fdd0c8bef8d1e544265e948c1f1.mp3str	11663	0	8fb124629928fae79dbf54f046215d1e
.godot/imported/skillStart_036_2.mp3-dc44ad3664e8e2f7e7b26b66fa0c5d27.mp3str	17099	0	68afd21faf92e8b7721a401695db4551
.godot/imported/skillStart_036_3.mp3-25e6cd603a473779c5cd548e33593ad6.mp3str	15843	0	99abc066f311d42ca8d0ec8002774535
.godot/imported/skillStart_037_1.mp3-c9e16a2ab535e695b6fd95a3b821a5dd.mp3str	17935	0	b51cd0fdd623633fa31f1d7744fb5ea6
.godot/imported/skillStart_037_2.mp3-72c4c5db26786f39afe3ffcfda07ad4a.mp3str	16679	0	c576f5ccc1b6dce40d424c705040a489
.godot/imported/skillStart_037_3.mp3-4d27abd14eace56ca0b1ea664499bf92.mp3str	19607	0	e61062b71fdb099e561f9d4d7639c794
.godot/imported/skillStart_038_1.mp3-87b123387afdd99b101d5ed1caa0216b.mp3str	17515	0	78e32383d04069e9c0acb99bf62e3bb4
.godot/imported/skillStart_038_2.mp3-054f28cf725d3ab129039db6f021e820.mp3str	19187	0	dad594ebcf0dd3fa15d2ccc513362913
.godot/imported/skillStart_038_3.mp3-def9fb17d49ed0b79455aa7fdaa49472.mp3str	15843	0	c5713d4bc628d9814407265e33187cb5
.godot/imported/skillStart_039_1.mp3-0fe1b2674e0f6dfe39ce0fcd45d84df0.mp3str	18771	0	6bd30863a6ba0dca7b95268c42833054
.godot/imported/skillStart_039_2.mp3-5de8cf22fce675993a4ed1907a2b158a.mp3str	16263	0	482ae63405512a9fa13598fa2904956b
.godot/imported/skillStart_039_3.mp3-c06cef6dc7b156f24aaaa988188e0b7a.mp3str	22111	0	fb3a4b81d329858b6e9c342d8a93860a
.godot/imported/skillStart_040_1.mp3-06dc56446a6713d3836b577c637a7f4b.mp3str	14171	0	1b9d2a0dacaee7954b02dbe4e44ce158
.godot/imported/skillStart_040_2.mp3-e93cc88fcbe1e21bca7c51d5d11e13a9.mp3str	12083	0	592071f1e0bb42b6495bd6e5820c679d
.godot/imported/skillStart_040_3.mp3-6f2f4bb5d3b18ed5ab7228ce2458a075.mp3str	14591	0	ff0a3c997fc5c82d2595ea0cd5d92243
.godot/imported/stamp_036001.png-093aa83878279388eb729474f232c07a.ctex	28532	0	1573e743434d9532f18d4eea279a6889
.godot/imported/stamp_036002.png-01e40c7aa5831aeea5a2541f001b8875.ctex	45374	0	cf39cf605b63ed4bcb4556b6afb77d06
.godot/imported/stamp_037001.png-c1dfeebeb695a049db67687cba825e20.ctex	31212	0	1f163c5a1f95d979c18a8b54c91b15d6
.godot/imported/stamp_037002.png-e54cb5c98e34ccf536da0195dd85490c.ctex	43674	0	506359cfd7b3a0976c90d6332b3ff0f3
.godot/imported/stamp_038001.png-914bacf477e8b501074f59e070830de1.ctex	36024	0	1b546ea133e7f697b61456c22f1257eb
.godot/imported/stamp_038002.png-64cb1c1f1ad0070f9de1a7884f847fb5.ctex	44814	0	18eb68d34b1346b2fb8056d8facdfb64
.godot/imported/stamp_039001.png-612b8d7e9d1284df6ec77af61fba219f.ctex	36918	0	2064b118d5774cc91a612f69bbf43e62
.godot/imported/stamp_040001.png-07316a25a4526e75f7da78762ec56556.ctex	34356	0	e2d46c5981ebee9befa4332fd6fb78ee
.godot/imported/stamp_040003.png-774d8871319c1ae9db5ccbe9f3c156f0.ctex	38350	0	8b640acbbbc45573b47aec99d470e883
.godot/imported/start_jump.mp3-027fff9ccafdc48766c256cde8fda8c5.mp3str	43427	0	6337fd9fa0ae13952840bd6dbefc9dbe
.godot/imported/start_jump.mp3-0e2b81e9279d83738022fd049895244a.mp3str	15427	0	4048740f640c85c7326141a274985571
.godot/imported/start_jump.mp3-195f12fe2c2c77efc3f053d68720cad5.mp3str	54295	0	1534667e39a68a590f04c5efab22773b
.godot/imported/start_jump.mp3-22ce4a768460c7c5b48e9ea05d497ad4.mp3str	32979	0	458f062805398c91b03128e24d1ebcb0
.godot/imported/start_jump.mp3-275009a7d71e9155c4eda7baf3bc99ad.mp3str	46355	0	469087ff878b947adf3a640fccff1d2a
.godot/imported/start_jump.mp3-27f586816837d5cdab9cc893abcca192.mp3str	25875	0	6791ceccd63a3a973763adeac782cf22
.godot/imported/start_jump.mp3-29062b8e7cc4ce8c846f550a5677245b.mp3str	60983	0	e96920e6e163e9626d927b54f5b0af09
.godot/imported/start_jump.mp3-29caef22d8c4a62169ab04587a67326e.mp3str	31307	0	dd91e469853e1d8122ff7455bc8d95fd
.godot/imported/start_jump.mp3-30e986c3e57aa66def492279bf2ec1b9.mp3str	31307	0	99c46e42fa85defc7d48bddaba587e66
.godot/imported/start_jump.mp3-4007a75cad130c4f5941b12136432876.mp3str	18351	0	4e2cd9ed88a94eb6071dad453ecdd0cb
.godot/imported/start_jump.mp3-4555def60f1e1ff1cc84f8e02d446037.mp3str	50951	0	3c834dd24d54579623c2bee0c5c7736d
.godot/imported/start_jump.mp3-46b43e4cd9f7ef0d66657b873ed3e711.mp3str	46771	0	126f1fe48a2a5a1976c1911d8674095d
.godot/imported/start_jump.mp3-478ae41507b7969fd02ad5f8ac8e81b3.mp3str	38831	0	619ed3ef357d05c2995dc6e6bc0aa1c4
.godot/imported/start_jump.mp3-4bf2e93a2ce30e9f85a88c3631423277.mp3str	43847	0	249d2a40661371a380ab6e23d787bab1
.godot/imported/start_jump.mp3-56e2ffeed7f0faeb85160ae21d6c8b34.mp3str	27963	0	ebb43b88db4f79205732b2ac256c3846
.godot/imported/start_jump.mp3-58dedc508ab1cb1b302f06e991fca11a.mp3str	51787	0	a5d93d0d77d867755b07ebcf585e82df
.godot/imported/start_jump.mp3-591fe6d4b0765cafc4e16729f4a2b7c2.mp3str	49699	0	aaa879c3c10d7c8fcfd9cac021e287af
.godot/imported/start_jump.mp3-5c9d6bc6f63ed0a29f7c2cd101ff190d.mp3str	30471	0	b3965bc786d377dbf6c88cf482d0a12f
.godot/imported/start_jump.mp3-6e52f92440c1e46b7aa7cc458d4a146e.mp3str	47191	0	0cc0faf7c7fea687e795a98ecb2d75d8
.godot/imported/start_jump.mp3-70a48315b4abf01c9a32d4df72f9b054.mp3str	53459	0	c11784855215c14e5926e8e00e19af18
.godot/imported/start_jump.mp3-73a55cec87799f60d355c82f7d657492.mp3str	67251	0	1bc1e7e45a39d121f4767bfda4952fd0
.godot/imported/start_jump.mp3-7f567be4f1080c049fe4eac1ae4c7c25.mp3str	38415	0	a3ef10bfbb161123e9209bccb558ed1c
.godot/imported/start_jump.mp3-89efffe5e5c6b7114f33da04e6649f28.mp3str	37159	0	588f28fb92db61939b48f1e2cc5bed49
.godot/imported/start_jump.mp3-8edfa6fb52d987b1b266094e570d905e.mp3str	41339	0	fe80355bf6c8f363904d0f9cf5c192cc
.godot/imported/start_jump.mp3-905ba299d0af4289b6904bb85a76e7b5.mp3str	27127	0	1cd42e549d79304c9c9b834e4736367a
.godot/imported/start_jump.mp3-960c27bbf5dd3a529a44dcde0cf0541a.mp3str	37995	0	0d034ca25b287889beb368ae2eb01dbb
.godot/imported/start_jump.mp3-993733171e58940a64b7f1e522c334b0.mp3str	32979	0	0426507787f4596343207ca6528b7751
.godot/imported/start_jump.mp3-aab4945bd5d2de79eac76abc39235581.mp3str	34235	0	d998d1a1a72d00f8dac7025297b82f7b
.godot/imported/start_jump.mp3-ad409c11d5ff16aa28d24ad5f97b7c21.mp3str	27547	0	31a0ede2a7aabf7c587d35e9e6d7ce50
.godot/imported/start_jump.mp3-ae6adebf065bfc4b88335296d1fa776f.mp3str	22947	0	cf9f843190a8367e9c550da72c0fcc92
.godot/imported/start_jump.mp3-b18e9b76e7788a2381ab3b953f9ff96c.mp3str	26711	0	eb7f50594db2c1b8f892a1ced76447d1
.godot/imported/start_jump.mp3-bc2478d354f2b93b7816b55d055c0687.mp3str	39251	0	74bdc4933b19bee4f1d04d2a6cdfc9c2
.godot/imported/start_jump.mp3-c6ec230da1d6e1d8a6de98cec7dbc41c.mp3str	30471	0	c9bdb0590dabde6153c4779ce6f2431d
.godot/imported/start_jump.mp3-d41a219263c780aa1645ac31451a645f.mp3str	61819	0	203c8e9180127b55a431829182a387d0
.godot/imported/start_jump.mp3-d6115d73b660b0e683c80d571f4922fe.mp3str	44683	0	78728f101ad3bf47712cd9810b2584f1
.godot/imported/start_jump.mp3-e6986724a1a78dc71bac5ce9376b0d39.mp3str	41759	0	af3203bb47e5fc6f2fd97facd750bcf5
.godot/imported/start_jump.mp3-eda87125d604c2d05932d5236a40a443.mp3str	32143	0	59bccfa39a415bf7b0ccb9c930f645d3
.godot/imported/start_jump.mp3-edf2397b283dbc74207a8e1a4498fa86.mp3str	18771	0	80221f28e78647812470046984d19788
.godot/imported/start_jump.mp3-f35b82489214526c856fdc7584a5099f.mp3str	22947	0	7658cb0dc573a91729fe104c4094ef24
.godot/imported/start_jump.mp3-fc40d8669b884d06c94a36038579eb38.mp3str	36743	0	34d4cc1c5515fe55bd73d9c53318213d
.godot/imported/start_land.mp3-07d6659fb995c2c78fb1fbec9fad17bd.mp3str	21695	0	96eaa537b835f8d814eed98ec6f05005
.godot/imported/start_land.mp3-163a28b57e8edee8e6d07ce8b9cacfb2.mp3str	58895	0	7544d19c166a03461434cdf2102f7b00
.godot/imported/start_land.mp3-231869f85ce40caf22e77b40997c4c7d.mp3str	28383	0	f685e0dc49cac3ce30965e48a4269825
.godot/imported/start_land.mp3-24149be9b0c58cc58d1696a76d25f380.mp3str	28383	0	d6a78cb57c4d5bed26a3e4399417cc35
.godot/imported/start_land.mp3-2c8ded1319bf5c3ac7f6d4ef20beeae9.mp3str	29219	0	8be979c45524a8e1413fedc910639242
.godot/imported/start_land.mp3-39f17694f88b3a95e646b1e8b4f2be12.mp3str	24203	0	202ed55d49b1fe456c0e1e14f2806010
.godot/imported/start_land.mp3-42be7e35bfbd5b8fde100ac14bbad7e0.mp3str	37159	0	d9d9ecc9629729fe5732baae6eb05a3f
.godot/imported/start_land.mp3-489d670c17b061b38b3bc84247927ac8.mp3str	31307	0	cc3cbf8092afbaadb2d05a23fbf7e8dc
.godot/imported/start_land.mp3-48ffe5fa25e5424b33c865f30291c119.mp3str	44683	0	856f0e7270eedab867884859e8e1a36d
.godot/imported/start_land.mp3-5372f0a2b44fe27d78569dc06178f5e6.mp3str	35487	0	d21a0d74a441fb1dc65028114b26c293
.godot/imported/start_land.mp3-5cd7c66573e2cf324512a06944792a68.mp3str	46355	0	99abb1d4307a151a02d1d890ed2f01b9
.godot/imported/start_land.mp3-6b6ec5afaf248847e31a61191f55412a.mp3str	36743	0	c6dc76ce04bb50bd8d315eaabec358d1
.godot/imported/start_land.mp3-7439ee1077ab11394b912db26f1e7840.mp3str	55551	0	95e246772cf8d77a9915ebb8c00c9938
.godot/imported/start_land.mp3-76a3dff804c26d0d4d5266d04916038b.mp3str	75195	0	d0ad506e36f18f4a98cf438349a4f9e2
.godot/imported/start_land.mp3-7a612952643e6dd96607a5e04115ccff.mp3str	37579	0	bc21ce64df3e83cfd08af9a8ebab7a3b
.godot/imported/start_land.mp3-7debd8fbe1e9850d2d8701976d628db9.mp3str	60147	0	61a6e5455014c73fe10b09a2c790dcdf
.godot/imported/start_land.mp3-7e7744b74c1627b02f7845d8a9d4a4f5.mp3str	40923	0	30a6229ea905436009d4022d9505b598
.godot/imported/start_land.mp3-80b891396c8bdf00ee2a371357079b76.mp3str	40087	0	66e424fed8d803188ea64c7b861b88ce
.godot/imported/start_land.mp3-887755a728cc795408b23ad7eedb4c77.mp3str	41339	0	e7b841fee5726e7f055a76448af120fe
.godot/imported/start_land.mp3-8d226c7c7f334dec944e1e8762d3c289.mp3str	56387	0	47af112c120af0c9023e4766aa5e2b72
.godot/imported/start_land.mp3-902f40dcd1dc600d2420cbf0c69db8b8.mp3str	19187	0	d28075cbf7fcd78becfe5ace3b04c2ab
.godot/imported/start_land.mp3-a4db2b3b33cd3804422ef7bbd3836fd5.mp3str	37579	0	54223b84d75aef1180369a87aef5e655
.godot/imported/start_land.mp3-b5b23e7b177a222ddb0dcca85d40cca0.mp3str	28383	0	41092d6ca643e3909147a9dca81e279f
.godot/imported/start_land.mp3-c34886a133336d65020912d1e701ee09.mp3str	48443	0	bafe701052a360eefe5d85adc3f67463
.godot/imported/start_land.mp3-c36d0cee0064382c8218520650d60476.mp3str	36743	0	55330387473f641ec9367003cb79e27e
.godot/imported/start_land.mp3-c8c1671596f600f8e60a4b317292e912.mp3str	40087	0	f79940cbee6f5cf3067279b47ae8d72e
.godot/imported/start_land.mp3-ca9a1c45ef35584fd594dfed4df3a65f.mp3str	54295	0	ace5713cc5689bcda77afd70fa835acd
.godot/imported/start_land.mp3-cb188733c10565d74d843dbe19627809.mp3str	35071	0	e57d977abc6ee7d062629ebd3a2c02fe
.godot/imported/start_land.mp3-cbc8fa46a8bc2dd3c37c216ad559049b.mp3str	48863	0	c5e01790d3d4da8f28747b5e4f3cba8a
.godot/imported/start_land.mp3-cd37e596882cb8ea72ebe23de292a814.mp3str	30055	0	85aa8f9276036ad7e734e9d600fa3116
.godot/imported/start_land.mp3-d283afa7e1e300f97eb2659e3c81eee2.mp3str	23367	0	d7fa9ed99e42afa22f9f355871c5002a
.godot/imported/start_land.mp3-db4735b3317b5d6ef385cfba421e83cc.mp3str	26711	0	12dc362f423da18d3b8e68476ef79b38
.godot/imported/start_land.mp3-e33c4b561bfa139e73f5b29de695ec24.mp3str	33815	0	22a05cef33a5fd180bb7646348c6bef6
.godot/imported/start_land.mp3-e8925a1527f91e5e5063281cb6cf8d16.mp3str	44683	0	fe5f877aa3faa9be0d057e873d7aefe6
.godot/imported/start_land.mp3-ec5d2304e0461462679fe9bc3cb880aa.mp3str	41339	0	775092785b534e78ed2daed4b3e9c55c
.godot/imported/start_land.mp3-f078af8edf72aab2eae48d7e7abd08f7.mp3str	34235	0	bef297c65940b630f6f8c96deacf7d35
.godot/imported/start_land.mp3-f58cd04a09c2ccd9d173aa9adb2ac06f.mp3str	14591	0	dd7b5e85ccec0dc23624c7f164eb7e35
.godot/imported/start_land.mp3-f6f71c940f0745813b78cfb3e71c1607.mp3str	25455	0	d2e621baf5f5333ee2e17505e51d4308
.godot/imported/start_land.mp3-f9922ffb9d30163a9873687dcde2f0c7.mp3str	34651	0	7673dc947e01652be9f82f1dde77c0d8
.godot/imported/start_land.mp3-fc8d4c39919a3cb15ece442e41ff22a7.mp3str	41339	0	b6706d24013c77d3d569e5728395fc39
.godot/imported/start_select.mp3-073c22c7f306cae02882cd0b8213d5b0.mp3str	45099	0	4d61cff893c983033ae90336a863ed77
.godot/imported/start_select.mp3-08b72a08a3c486bcd9b23602d3ed816d.mp3str	37579	0	e11256bccc31128814e9eefb25afd893
.godot/imported/start_select.mp3-09a188f507dd0355c1bdbe1c67c79dcf.mp3str	69759	0	5ff9455974bc10037012764b02e11c31
.godot/imported/start_select.mp3-1ae7bf68aae28bc2bd6af7fcc7de2e09.mp3str	40087	0	c51db3143452fc570efc62b80e416af6
.godot/imported/start_select.mp3-1b19dcf3eb72e773edd745a87170584f.mp3str	33399	0	a74dfcd2a765a3c52fd55245f6205fa9
.godot/imported/start_select.mp3-1beaf132e2f9cc5524af670195bb3edf.mp3str	43847	0	00107dcd756b00666a60925c969378ea
.godot/imported/start_select.mp3-1c947fd4a5c4a5c6503ec8c517a45e35.mp3str	27963	0	5cdb8f2bb752480cee0b2a074845333c
.godot/imported/start_select.mp3-1cb25117934bd5949408b2ea3bfaceaf.mp3str	42175	0	70395c9e3207e428c6f633eae55dbd6f
.godot/imported/start_select.mp3-1f07755f27c6b2aa36f63c5e1bff2e9d.mp3str	49279	0	4ef41d0fbe8e3f515fe266e5176e0a1d
.godot/imported/start_select.mp3-2d093ec9493788df92d03c24709067da.mp3str	63907	0	83f87e21c32bd5fe3c9cac432fe2fc42
.godot/imported/start_select.mp3-389cbffcc40fb997aa923ef09f0a3416.mp3str	32563	0	54616455f4a82670d739ee2fd5996b0c
.godot/imported/start_select.mp3-3daff13c48d80b9b503c013a997f1a3b.mp3str	45935	0	793901a48ad9c51b96412bfe86377ca6
.godot/imported/start_select.mp3-453253d0a5377ab890f91f3573f7b767.mp3str	60567	0	39a56b9cd027d8d1e616696b665f3c5a
.godot/imported/start_select.mp3-4b8c640bfb8742010293af36cbdb5755.mp3str	37995	0	30487941a4d7ec890acf9a2e8e4aa0c0
.godot/imported/start_select.mp3-4e55a4e4f62968c2e0dd5e60ebdcc45e.mp3str	13755	0	72827551d2310b9072890b760a9aeb1d
.godot/imported/start_select.mp3-5133b5afd40b628320c13c1fae8e108c.mp3str	45935	0	b63fb42cacbaa47faf694339ca87b404
.godot/imported/start_select.mp3-551785b19e8bd1cce2f7be22f1624569.mp3str	74359	0	fd41c756f67d02cdddef2f1a01b0d98f
.godot/imported/start_select.mp3-594c96cfcccced4a2d88f5bbfddfaf48.mp3str	25455	0	d01e4561b78d2cae2c4897c36ae66384
.godot/imported/start_select.mp3-5d9d70822aa0d6857d96a8ece16e086b.mp3str	34651	0	9f1f75af46985c488fcaab9c094e2550
.godot/imported/start_select.mp3-5ff0b1acec796b3fe360eb3bfba21af5.mp3str	76031	0	b2ef546a0c3ef60de4cb99451a0ae46f
.godot/imported/start_select.mp3-6d51ed6c9fad92ae246bf012527972bf.mp3str	37579	0	a59b9cf42147a72e4cc8d46f37715f94
.godot/imported/start_select.mp3-7dfb54f6a5179b6d93745b99500d20e7.mp3str	33815	0	98bcac4276834ecbcbe728680f7354a8
.godot/imported/start_select.mp3-898e7c296dbde2ff3e5990b9fcb00ea9.mp3str	36323	0	e7e840f3a616487e14079da061d6fa43
.godot/imported/start_select.mp3-8c2ab9aaab8df9722ada5b105c20119a.mp3str	40503	0	e1e4824ba9b7ad45a9bd474cc3c96ba5
.godot/imported/start_select.mp3-8f12cc00e26659d01de0b98bdb30bdca.mp3str	34651	0	9052393e9e59efd5995dc380ce14d0f2
.godot/imported/start_select.mp3-965f6eefb2ec600fb73e0c9d5d8b2830.mp3str	44683	0	d58c1ff79ba692a3558371187899853b
.godot/imported/start_select.mp3-988321a84d2df9ef978ca97c3d223a25.mp3str	41759	0	ea6a5b72e5a458c907c0885cfd223c32
.godot/imported/start_select.mp3-a92aa88fafadd9f2c659e895c2ab107b.mp3str	47191	0	f0a7419ccde04bfe3a9d2039b074da4e
.godot/imported/start_select.mp3-aa8cf997c2f75879cfed967f534f253f.mp3str	27547	0	bf452a0ac1cf215e009ec876e5d31143
.godot/imported/start_select.mp3-ab75e440e0b72d42b7c1063ef258de95.mp3str	30471	0	108de6efe64cd5ba8f4ee35500e2a313
.godot/imported/start_select.mp3-b088cad84367ff7dc248879bddb3f7b6.mp3str	40503	0	67afe3ce9abfdd8dc583155d55b6bc1b
.godot/imported/start_select.mp3-be23e26e8745a763a905776634dec358.mp3str	67251	0	7691925134f2906405b80c5cfedba6a2
.godot/imported/start_select.mp3-c8525e720b400695ef6ae7ed15227d08.mp3str	49279	0	650d05383c17ae9dcb0d8efad6fc4a56
.godot/imported/start_select.mp3-c8942229289ec7496f4b119443366a6f.mp3str	32979	0	22d8443aac01e244601f89f84fa4b0cb
.godot/imported/start_select.mp3-cf6efdea8b4f24e8fb5eedb0ee1c739f.mp3str	29219	0	5cee0cd808f9a4be9cfe889fa6380d67
.godot/imported/start_select.mp3-d23de40cbc595eba42fae80f6d938b5a.mp3str	41339	0	5dd2ccc3ed364f13dd6750c153284f22
.godot/imported/start_select.mp3-da405a06e0eda72046021e94584bee45.mp3str	32979	0	e9f3e88d711596d74cc34789da20e4f5
.godot/imported/start_select.mp3-f30de60723617dc3c6e687c934c0f256.mp3str	28383	0	05ffcbbc6d6f22b287a9dd3c201dbec0
.godot/imported/start_select.mp3-f3aab0481d62aed7e59618e3d0abd89e.mp3str	36743	0	5c151c5c156740aa7a4e48020104155f
.godot/imported/start_select.mp3-fc75d36884388ac167ad6182940dd28a.mp3str	9991	0	83ee8e8504a2399f369e216858f92623
.godot/imported/success.mp3-edd676ef9ade58de74852578e3dff4b6.mp3str	52307	0	cef24e0d6be17de0f8e13c2bc6c96018
.godot/imported/switch.wav-0dde86008946f1cf3be65535a34250fc.sample	18459	0	ddec402b686bad7762eeeeb9febdb11b
.godot/imported/switch.wav-d4a7fba598eb46efd713c607d0d8807f.sample	27875	0	7d51fb75ea64bf515b72748d0086db08
.godot/imported/tap.mp3-23d3fdebe334ba8f9b8a5d6d4e944f1f.mp3str	4639	0	a458170877c2104fab6d70c9af347d4c
.godot/imported/ui-assets-star-forassetbundle-asneeded-ui-lb-lbballoonatlas.png-587f91d28d95d18821f7826b15a3c93a.ctex	19438	0	437dab1e5db6d6b6c8230fff44ad092b
.godot/imported/zcool-kuaile.ttf-5d923e2b4dc273c96290c9c5ae445100.fontdata	1184690	0	b89a5f7d9c87db48665e1746ad18f958
.godot/uid_cache.bin	72748	0	86293939609ecaae734796bc2302c3df
assets/audio/bgm/bangdream/01.mp3.import	149	0	1d16324656987b0c29a7461b9528389e
assets/audio/bgm/bangdream/02.mp3.import	149	0	72350a4e42e20258393c00ea01905d15
assets/audio/bgm/bangdream/03.mp3.import	148	0	ebe42d72c5e943002165c36da433e097
assets/audio/bgm/bangdream/04.mp3.import	149	0	34c8907d428d6107842144ca93f4ff65
assets/audio/bgm/bangdream/05.mp3.import	148	0	6ef71f1a120633e6b16e88176f400124
assets/audio/bgm/bangdream/06.mp3.import	149	0	2143110ce24dcd6a52dd063efe36c3eb
assets/audio/bgm/bangdream/07.mp3.import	148	0	32ddbd6ff7073d9152018359d2d48abb
assets/audio/bgm/bangdream/08.mp3.import	149	0	c2909b98faf0960e12326b782eb21617
assets/audio/bgm/bangdream/09.mp3.import	149	0	4f72fcf2b885f2714ad3b08d5c5e7e7d
assets/audio/bgm/bangdream/10.mp3.import	149	0	942ecdd6d3b8493b49db74bb0ca90032
assets/audio/bgm/bangdream/11.mp3.import	149	0	559ef3a79a0de75e1ca5238081fdd3bd
assets/audio/bgm/bangdream/12.mp3.import	149	0	d7c628f7d03718435ab98e311ec50c37
assets/audio/bgm/bangdream/13.mp3.import	148	0	e51fe32f91738ec086387d1d923d46a9
assets/audio/bgm/bangdream/14.mp3.import	149	0	a28cf3e8fd18938eb4ac45c469afaf96
assets/audio/bgm/bangdream/15.mp3.import	149	0	ca2923a6f5fd8fa273f30351b19a177c
assets/audio/bgm/bangdream/16.mp3.import	149	0	3a674d05e49b09e59b861a88be314704
assets/audio/bgm/bangdream/17.mp3.import	149	0	ebe62951d08c5e22e990765e691b095f
assets/audio/bgm/bangdream/18.mp3.import	149	0	762dd6b9831ec011e43bcb183cb0791a
assets/audio/bgm/bangdream/19.mp3.import	149	0	981b03d8e3da8f8a7b460e55addc40fa
assets/audio/bgm/bangdream/20.mp3.import	149	0	e1cafbe16f3cd47cd192e753b5f568d4
assets/audio/bgm/bangdream/21.mp3.import	149	0	52d92a12aa18e7bf613d6f19b30eaf3b
assets/audio/bgm/bangdream/22.mp3.import	147	0	17672bf68bfbec4c0a931f5e5ec73707
assets/audio/bgm/bangdream/23.mp3.import	149	0	9c5d1fc628e40bf6a07a205829efa431
assets/audio/bgm/bangdream/24.mp3.import	149	0	4ce3f54190a417f085407f933e4b176d
assets/audio/bgm/bangdream/25.mp3.import	149	0	2d840485607019883581eed47e416b39
assets/audio/bgm/bangdream/26.mp3.import	149	0	3946cd200ae112a8583f656045e98983
assets/audio/bgm/bangdream/27.mp3.import	149	0	dab239417857e95194ab1b6e33a975e3
assets/audio/bgm/bangdream/28.mp3.import	149	0	ba880aa4eb3b7a1c1b4ed83a30aad1d4
assets/audio/bgm/bangdream/29.mp3.import	149	0	beb9d694033a9f0f13a902ac2f00afd5
assets/audio/bgm/bangdream/30.mp3.import	149	0	ffbf2445938e135a7c34ca83e6f56abf
assets/audio/bgm/bangdream/31.mp3.import	149	0	e691ce207e8f187ff903e06a82a3f96e
assets/audio/bgm/bangdream/32.mp3.import	148	0	0212f4cf1c7b1d3a184de233aa918a4b
assets/audio/bgm/bangdream/tracks.json	2043	0	404ccc4c949e529542846f1e61c0a7f1
assets/audio/bgm/bgm_web/03.mp3.import	148	0	b6a5277861ad677fd4bbf1018b9404ab
assets/audio/bgm/bgm_web/06.mp3.import	149	0	39426adb75b2b9be0bea93d12e3fc80e
assets/audio/bgm/bgm_web/18.mp3.import	149	0	607c466572fa5bd053631ccff2d3f52a
assets/audio/bgm/bgm_web/20.mp3.import	149	0	70966de6842ffa49524f8af4d01c3810
assets/audio/bgm/bgm_web/24.mp3.import	149	0	b7967a87ebfd577410ec6ccca10389c7
assets/audio/bgm/bgm_web/tracks.json	544	0	8f6f0777b2084bd657ed9aadc5cbf5e3
assets/audio/sfx/combo.mp3.import	152	0	23016aeffe6017dcbb74c6b6280a7828
assets/audio/sfx/fail.mp3.import	150	0	a91389f90a1afa92e22bbce71f2c6dfb
assets/audio/sfx/highscore.mp3.import	156	0	2a646e39bf7245976efd32253dc5f22c
assets/audio/sfx/jump.mp3.import	151	0	bc2c02d6c790e6e19e4d9fb0d678a085
assets/audio/sfx/land.mp3.import	151	0	297d3ea26fabe67cdedb7284845ad028
assets/audio/sfx/perfect.mp3.import	154	0	4f2a12972cd39574901927943d028e31
assets/audio/sfx/revive.mp3.import	153	0	d3d4f6c33ec55ff3fed48c2b440d39cb
assets/audio/sfx/scroll.mp3.import	153	0	77d2f5be0f4d35ae40029fa8380e916e
assets/audio/sfx/success.mp3.import	154	0	151e24d1c5ce9c64aa2c6657319457e1
assets/audio/sfx/tap.mp3.import	150	0	5626303f25edcc9b1ccf7c39a4517147
assets/audio/voices/ako/combo.mp3.import	152	0	62674e33ea16c1973eb5690299581603
assets/audio/voices/ako/expanded/band5-004-048.mp3.import	159	0	06bdf4e48a5dd1c541b42caf397d38b4
assets/audio/voices/ako/expanded/celebrate_combo.mp3.import	162	0	1011507559e9698e840e316697997f86
assets/audio/voices/ako/expanded/celebrate_perfect.mp3.import	164	0	35927aa2c131e2b86e22a9f858cbc7ed
assets/audio/voices/ako/expanded/celebrate_retry.mp3.import	162	0	5d1bd43056981530c6001217da85c7eb
assets/audio/voices/ako/expanded/event43-06-002.mp3.import	161	0	1016f23fe4d78407c8b56e816dd91e39
assets/audio/voices/ako/expanded/skillRespond_024_1.mp3.import	164	0	ac31d6d0a24e6e7fb59049a92561a325
assets/audio/voices/ako/expanded/skillRespond_024_2.mp3.import	165	0	bebfb62ea8fabdcd9170005091ff9ebf
assets/audio/voices/ako/expanded/skillRespond_024_3.mp3.import	164	0	f35a482f104e429973b59c3f82e57f09
assets/audio/voices/ako/expanded/skillStart_024_1.mp3.import	163	0	4f64a7eb7b45d3a6d592b4ddbdee4423
assets/audio/voices/ako/expanded/skillStart_024_2.mp3.import	163	0	aed8a91083bbb67d1c7f5a97576256c1
assets/audio/voices/ako/expanded/skillStart_024_3.mp3.import	163	0	8c5071555c638fcb2769d8c035f646ee
assets/audio/voices/ako/expanded/start_jump.mp3.import	157	0	2a991080350dee83702c77b796aa4a58
assets/audio/voices/ako/expanded/start_land.mp3.import	156	0	27e56a1e41fb744c6579dd5825421d32
assets/audio/voices/ako/expanded/start_select.mp3.import	158	0	31c38092e4e5a29eaa4e8db96eecb9ff
assets/audio/voices/ako/jump.mp3.import	151	0	cd9d16ef01562ee302471602ac2b603b
assets/audio/voices/ako/land.mp3.import	150	0	00c61c913723dde56a327e946c71ea05
assets/audio/voices/ako/perfect.mp3.import	154	0	c05308d58d893d482a4be6f701cfe1bb
assets/audio/voices/ako/retry.mp3.import	152	0	795ab0f2ab6a906196fc0d49b9f08ddc
assets/audio/voices/ako/select.mp3.import	153	0	db0d59cde630cb0db3da92fc6b58eddb
assets/audio/voices/anon/combo.mp3.import	151	0	f87d26b563961a3ba2b7b940600a69de
assets/audio/voices/anon/expanded/celebrate_combo.mp3.import	162	0	752f338d95150f357b51d5861aa9028c
assets/audio/voices/anon/expanded/celebrate_perfect.mp3.import	164	0	c4763c742335353a5573f4145079dddc
assets/audio/voices/anon/expanded/celebrate_retry.mp3.import	161	0	f4134bee1e8811ff71d7cbb092c13602
assets/audio/voices/anon/expanded/event235-22-021.mp3.import	162	0	c73dc73f712963b940cfbf896c6c040e
assets/audio/voices/anon/expanded/event235-25-017.mp3.import	162	0	87bf3edb65167d7e382b3099e30d2bda
assets/audio/voices/anon/expanded/skillRespond_037_1.mp3.import	164	0	a677953f0a10887f911ebc2bf26b0800
assets/audio/voices/anon/expanded/skillRespond_037_2.mp3.import	165	0	d5f1a251aacbf0f7b6e4345029fafc5f
assets/audio/voices/anon/expanded/skillRespond_037_3.mp3.import	165	0	fad0619449a8f66273139f1bae0f8669
assets/audio/voices/anon/expanded/skillStart_037_1.mp3.import	162	0	facf83860e0fac55320a965d9fb756e2
assets/audio/voices/anon/expanded/skillStart_037_2.mp3.import	163	0	b2cf8058178883179ef9d7d1efa2a438
assets/audio/voices/anon/expanded/skillStart_037_3.mp3.import	163	0	ec5bafb20b827c7ba549c6d4a2f50e4b
assets/audio/voices/anon/expanded/start_jump.mp3.import	156	0	b747aec2d7afd24c2a91116b4e449d3a
assets/audio/voices/anon/expanded/start_land.mp3.import	157	0	4cdab18dcceda061fc1d4fda622a20e0
assets/audio/voices/anon/expanded/start_select.mp3.import	159	0	170bfa61703734b339dbdb38dc1179a3
assets/audio/voices/anon/jump.mp3.import	151	0	61d784d2757735af4a35e7096991c454
assets/audio/voices/anon/land.mp3.import	151	0	e1cffb68f147c183c3bf64642dcf2a19
assets/audio/voices/anon/perfect.mp3.import	154	0	a4603140c2ab910f1da64ce0997f5b63
assets/audio/voices/anon/retry.mp3.import	152	0	88292b442c9472d1e4d2d002def2328f
assets/audio/voices/anon/select.mp3.import	152	0	5dfd9d8051a5f01035bde892dea91cf5
assets/audio/voices/arisa/combo.mp3.import	152	0	08dba74823d13b2c8215376152165bca
assets/audio/voices/arisa/expanded/band1-001-002.mp3.import	159	0	46737d0bee55371c73851693c0acadc3
assets/audio/voices/arisa/expanded/band1-014-039.mp3.import	160	0	80fbac842a3fd032fe0b81f3f9f4b757
assets/audio/voices/arisa/expanded/celebrate_combo.mp3.import	161	0	38e67a4a46bb17518eae91f93c2f2c17
assets/audio/voices/arisa/expanded/celebrate_perfect.mp3.import	164	0	f607e97d9249f177d4b4ecc13e2bc617
assets/audio/voices/arisa/expanded/celebrate_retry.mp3.import	161	0	4a7f81421a565ac129ea563d7e76ec7a
assets/audio/voices/arisa/expanded/skillRespond_005_1.mp3.import	165	0	a85bd58678129d1e6a91c198070a22ff
assets/audio/voices/arisa/expanded/skillRespond_005_2.mp3.import	164	0	ae2b98ace5bdbbd6746d7e1574cfb8bd
assets/audio/voices/arisa/expanded/skillRespond_005_3.mp3.import	164	0	b3f59ad3346c736b915a8d631d88d2df
assets/audio/voices/arisa/expanded/skillStart_005_1.mp3.import	163	0	121dbce2edfe263c5d593ee8dfd5e879
assets/audio/voices/arisa/expanded/skillStart_005_2.mp3.import	163	0	509bc4eb2a3df858c1cb301667258c35
assets/audio/voices/arisa/expanded/skillStart_005_3.mp3.import	163	0	7c461201cec202a79b9d0dcba4b76950
assets/audio/voices/arisa/expanded/start_jump.mp3.import	157	0	2247092f9510d38aa5a08a93affc55ba
assets/audio/voices/arisa/expanded/start_land.mp3.import	156	0	0e028ba21af6b5a7e9d704baad1de548
assets/audio/voices/arisa/expanded/start_select.mp3.import	158	0	d90dc64d08ac355b984b3a9b252a515f
assets/audio/voices/arisa/jump.mp3.import	151	0	407029ff3ad5c52c9430ec1a2d06f37b
assets/audio/voices/arisa/land.mp3.import	151	0	812980d98dce755790aadeceee62d4ce
assets/audio/voices/arisa/perfect.mp3.import	153	0	710162a30d1a858cb98e8102238b5349
assets/audio/voices/arisa/retry.mp3.import	151	0	8b81f6dc3f88d40835093b975bc1218a
assets/audio/voices/arisa/select.mp3.import	153	0	2d8ffead2acef1b713e86e393afe673b
assets/audio/voices/aya/combo.mp3.import	152	0	621ac041df715518f07c74aafc119c92
assets/audio/voices/aya/expanded/band4-007-040-1.mp3.import	162	0	951d831e0f1ac580a528c0e481137f0c
assets/audio/voices/aya/expanded/band4-009-024.mp3.import	160	0	ec2d675bcd857d14cea5de8186a1e4b6
assets/audio/voices/aya/expanded/celebrate_combo.mp3.import	161	0	39effa734caea8eae9ab956a3c1b2d03
assets/audio/voices/aya/expanded/celebrate_perfect.mp3.import	164	0	9a0c00303824fa1517d7aecd182d1814
assets/audio/voices/aya/expanded/celebrate_retry.mp3.import	161	0	537da6d1e375e96f1d4b650b7d795f28
assets/audio/voices/aya/expanded/skillRespond_016_1.mp3.import	165	0	7114745e2e5630dac6a0b5ad225c9611
assets/audio/voices/aya/expanded/skillRespond_016_2.mp3.import	165	0	2dcb66edf9e7ac2dfecff2a5f30514a9
assets/audio/voices/aya/expanded/skillRespond_016_3.mp3.import	164	0	02977e24dfdc6a8941e88c923671ba41
assets/audio/voices/aya/expanded/skillStart_016_1.mp3.import	163	0	0eb0e2299ca3154b3adc549faf1c1c13
assets/audio/voices/aya/expanded/skillStart_016_2.mp3.import	163	0	ccf59258e7d8c770fbf1358244a2f3c9
assets/audio/voices/aya/expanded/skillStart_016_3.mp3.import	162	0	8cf97bdff2ada9e5e8dd0c0e252108f9
assets/audio/voices/aya/expanded/start_jump.mp3.import	157	0	e972abb413e38c7e622a92072c51bc9d
assets/audio/voices/aya/expanded/start_land.mp3.import	156	0	15538088388b4af673c692e4bedb7378
assets/audio/voices/aya/expanded/start_select.mp3.import	159	0	bd10a21df37952ebe45ef410d1eb0c95
assets/audio/voices/aya/jump.mp3.import	151	0	d6f8ed578f2f5f38939ceb0bde6df65f
assets/audio/voices/aya/land.mp3.import	151	0	c934c6c788164488ed827f7f0a96080f
assets/audio/voices/aya/perfect.mp3.import	154	0	5f387d372a3cc8c7bca33035d2582c74
assets/audio/voices/aya/retry.mp3.import	152	0	ba9f5799c82d17a9b3244305d81a1bde
assets/audio/voices/aya/select.mp3.import	153	0	b45dc8402f7eabf7bdd3fd53be9ff20c
assets/audio/voices/chisato/combo.mp3.import	151	0	7cde6d758999465c0322c6c1147694ce
assets/audio/voices/chisato/expanded/band4-015-002.mp3.import	160	0	42f0d2ae15bd9e7287d5bafd61427373
assets/audio/voices/chisato/expanded/celebrate_combo.mp3.import	162	0	c126fd36cf0a0c2a1502ee1cf550ee3a
assets/audio/voices/chisato/expanded/celebrate_perfect.mp3.import	164	0	5a7a6f321e372eb0bbb01caeadee4d81
assets/audio/voices/chisato/expanded/celebrate_retry.mp3.import	161	0	792831944c1b84cfd74aa535893c4482
assets/audio/voices/chisato/expanded/event46-03-007.mp3.import	160	0	58d8bda3aeab02ae184e29afcd685865
assets/audio/voices/chisato/expanded/skillRespond_018_1.mp3.import	165	0	3fef511ac0d48c04e2aa3f2ca87bf10c
assets/audio/voices/chisato/expanded/skillRespond_018_2.mp3.import	165	0	44c6d7743ffd439427fab53333e04a6e
assets/audio/voices/chisato/expanded/skillRespond_018_3.mp3.import	165	0	165645d595c8b05fe23d57284c37d1bb
assets/audio/voices/chisato/expanded/skillStart_018_1.mp3.import	163	0	b79e1f31d4a92449d26b6a61b12792e9
assets/audio/voices/chisato/expanded/skillStart_018_2.mp3.import	163	0	c53483fb58aba21611171de5d410192b
assets/audio/voices/chisato/expanded/skillStart_018_3.mp3.import	163	0	57e4b9352d02a6e48d61d5c16de33ad6
assets/audio/voices/chisato/expanded/start_jump.mp3.import	157	0	f8db3bcfaf717d3aec8b7004108ea086
assets/audio/voices/chisato/expanded/start_land.mp3.import	157	0	42392d942ef903cb5bab6720bc2b307b
assets/audio/voices/chisato/expanded/start_select.mp3.import	159	0	a0767a52480efe8be70a55e509e812a6
assets/audio/voices/chisato/jump.mp3.import	151	0	04aac0a99fe0123a10471bb614424e2b
assets/audio/voices/chisato/land.mp3.import	150	0	58e020acd4315c49b1112739be0acd3b
assets/audio/voices/chisato/perfect.mp3.import	154	0	0d2c58c9ac5f24f127f5ee4277997c02
assets/audio/voices/chisato/retry.mp3.import	151	0	4b3d6cf28908bee9a1800c765047b9e9
assets/audio/voices/chisato/select.mp3.import	153	0	7cbbe3e1875339882225dd155d3b998b
assets/audio/voices/chuchu/combo.mp3.import	151	0	fc6316b647e50840ee45e325072783b9
assets/audio/voices/chuchu/expanded/celebrate_combo.mp3.import	162	0	ff7802beef1f12af3265a0d05ddeb9d6
assets/audio/voices/chuchu/expanded/celebrate_perfect.mp3.import	164	0	92f88dbc6edcc71baf7add2641564844
assets/audio/voices/chuchu/expanded/celebrate_retry.mp3.import	162	0	15d5dd953a3279ba49fdf44e1c5ce07c
assets/audio/voices/chuchu/expanded/event117-06-053.mp3.import	162	0	ad371ec202a6a4f17bcbfe5d2e9bd1e9
assets/audio/voices/chuchu/expanded/event117-12-048.mp3.import	162	0	e30afd84464b18e4f169056e70ecf7d0
assets/audio/voices/chuchu/expanded/event125-01-025.mp3.import	161	0	22da68a36d6d8689f606cc6196f589fb
assets/audio/voices/chuchu/expanded/skillRespond_035_1.mp3.import	165	0	991c20b50a03cc7a5f85f646750e440d
assets/audio/voices/chuchu/expanded/skillRespond_035_2.mp3.import	164	0	093dbdb6fa3932802846739968a1b8b5
assets/audio/voices/chuchu/expanded/skillRespond_035_3.mp3.import	164	0	808343af41eecabbe322ac9530627a57
assets/audio/voices/chuchu/expanded/skillStart_035_1.mp3.import	163	0	3d1d756f94517c6d9bc304d1c12241d9
assets/audio/voices/chuchu/expanded/skillStart_035_2.mp3.import	163	0	453d6bc9a2ef1b63e3325c709513eecf
assets/audio/voices/chuchu/expanded/skillStart_035_3.mp3.import	163	0	51f53ab6933c57b8005d1e2376ab5a95
assets/audio/voices/chuchu/expanded/start_jump.mp3.import	157	0	8337ab47e8aa27c689654ed55c9218cd
assets/audio/voices/chuchu/expanded/start_land.mp3.import	157	0	927eb0dbb2f621937037a7f0f99f7417
assets/audio/voices/chuchu/expanded/start_select.mp3.import	159	0	78c5073846da2497fa83bbedeb11ddae
assets/audio/voices/chuchu/jump.mp3.import	150	0	de84b4d6c6f1d45c5c228cb08bd740f4
assets/audio/voices/chuchu/land.mp3.import	151	0	a028617f64881694833c5a038114d588
assets/audio/voices/chuchu/perfect.mp3.import	153	0	5e297edc50a1b5b989d421166d221911
assets/audio/voices/chuchu/retry.mp3.import	152	0	d8a1405760d82cd8df07e41b68161a14
assets/audio/voices/chuchu/select.mp3.import	152	0	aa8aca4a6f1c5b6d436d4a1ccaf9900d
assets/audio/voices/eve/combo.mp3.import	152	0	72b4aa2f3a318d4ed4b63daa9110f1f8
assets/audio/voices/eve/expanded/band4-004-039.mp3.import	160	0	c09114a6688960c7889ee70b945437db
assets/audio/voices/eve/expanded/celebrate_combo.mp3.import	162	0	b1cd276f6b475f536c7f7c56f4aa8093
assets/audio/voices/eve/expanded/celebrate_perfect.mp3.import	163	0	d0248e0098fa65b05c8b95c66f174534
assets/audio/voices/eve/expanded/celebrate_retry.mp3.import	161	0	8e7f5128a7ee146472a28939144b5dc3
assets/audio/voices/eve/expanded/event46-05-024.mp3.import	161	0	8e1b7b879e963271fcbbae3313c7cafc
assets/audio/voices/eve/expanded/skillRespond_020_1.mp3.import	164	0	ed147ea2020005accb2a75a64062b617
assets/audio/voices/eve/expanded/skillRespond_020_2.mp3.import	165	0	dc5a57252f5d3dc96e130a997e3f24d8
assets/audio/voices/eve/expanded/skillRespond_020_3.mp3.import	165	0	1ee78a11c03fd7f827656cc13f55443a
assets/audio/voices/eve/expanded/skillStart_020_1.mp3.import	162	0	d053496241050c16a095a9a6214717b5
assets/audio/voices/eve/expanded/skillStart_020_2.mp3.import	163	0	7ad74026b20c63064aebe7f6a65434e4
assets/audio/voices/eve/expanded/skillStart_020_3.mp3.import	163	0	53bcf392c5ffa9c1eb99d32c476c7385
assets/audio/voices/eve/expanded/start_jump.mp3.import	156	0	045548ccbe2806ea9b989e077f391895
assets/audio/voices/eve/expanded/start_land.mp3.import	157	0	f7412dcb55546ba959e4e97afb347b02
assets/audio/voices/eve/expanded/start_select.mp3.import	159	0	650f364b01cfe5398f48d10c0805674e
assets/audio/voices/eve/jump.mp3.import	151	0	fd3e579a6cc75c66e5cc65b1a5a0843b
assets/audio/voices/eve/land.mp3.import	151	0	b5320257b732d0597df0d6c58982e8ac
assets/audio/voices/eve/perfect.mp3.import	154	0	d33459c3b512237d328c914ef7d4bdd3
assets/audio/voices/eve/retry.mp3.import	152	0	4d086dc064d6473a28501f08249eeb5b
assets/audio/voices/eve/select.mp3.import	153	0	70fda9e1055dedf4c2397df073f296f0
assets/audio/voices/hagumi/combo.mp3.import	152	0	cd28f65a89a45f300ff8afa82978dfc3
assets/audio/voices/hagumi/expanded/band3-009-011.mp3.import	160	0	8f7efb7a0bea045aea8503a95bda5ec6
assets/audio/voices/hagumi/expanded/band3-012-033.mp3.import	160	0	ff2ef3fdc09d080f9c1ac654f649ed32
assets/audio/voices/hagumi/expanded/celebrate_combo.mp3.import	162	0	de6b4b9126ac92240730ccb7ff002acd
assets/audio/voices/hagumi/expanded/celebrate_perfect.mp3.import	164	0	8c57221e10476900eb663282bc282ee6
assets/audio/voices/hagumi/expanded/celebrate_retry.mp3.import	161	0	0807ce098ec9ba33fe6b9a2b41edf9bc
assets/audio/voices/hagumi/expanded/event57-02-021.mp3.import	161	0	228b9d7b8dbf7aa95ac2e6d2b63fe681
assets/audio/voices/hagumi/expanded/skillRespond_013_1.mp3.import	165	0	a4de8a2124c7ade5a260049ea3b4b8a1
assets/audio/voices/hagumi/expanded/skillRespond_013_2.mp3.import	165	0	7c5ed1ddc87cd1a56b4b1269f7fc033a
assets/audio/voices/hagumi/expanded/skillRespond_013_3.mp3.import	164	0	fbe459b9189361777874fb40d6e1bec4
assets/audio/voices/hagumi/expanded/skillStart_013_1.mp3.import	162	0	06b4b83ee0716b75c1a40bcee977e233
assets/audio/voices/hagumi/expanded/skillStart_013_2.mp3.import	163	0	b425b9147096b04b1eaabc5dca980643
assets/audio/voices/hagumi/expanded/skillStart_013_3.mp3.import	163	0	05d79f6cb75482b75689eedb7ec6712c
assets/audio/voices/hagumi/expanded/start_jump.mp3.import	157	0	26e935cac2daf49bf8ee162f438dcdcb
assets/audio/voices/hagumi/expanded/start_land.mp3.import	157	0	561387acb7b861ff7c94534c768d4117
assets/audio/voices/hagumi/expanded/start_select.mp3.import	158	0	557d364889e180f7334be225d9de134c
assets/audio/voices/hagumi/jump.mp3.import	151	0	9ca1853dedcca9fbb541f7cdbd3bee65
assets/audio/voices/hagumi/land.mp3.import	150	0	6c59f2b5f73a6509a3c8b23483941cbb
assets/audio/voices/hagumi/perfect.mp3.import	154	0	ed0f756c7e5c358d19b7ab5c7a85a636
assets/audio/voices/hagumi/retry.mp3.import	152	0	bf4b1c10fd3a6f4e77ac4b21552d7e36
assets/audio/voices/hagumi/select.mp3.import	153	0	476c97c792ad0dfc6279b922f3031c6e
assets/audio/voices/himari/combo.mp3.import	152	0	cff05eca8e8c3a09589fb8f353caf623
assets/audio/voices/himari/expanded/band2-004-019.mp3.import	160	0	e683c05b3c4f5c797fe21ab133ddff99
assets/audio/voices/himari/expanded/band2-012-032.mp3.import	160	0	5cf4ea8e0c7c428b5b1d2cb2adc6fedf
assets/audio/voices/himari/expanded/celebrate_combo.mp3.import	162	0	8df3a85869934317c050c76b000580ee
assets/audio/voices/himari/expanded/celebrate_perfect.mp3.import	164	0	c9a95ad2c882361c674ad0329f1a9341
assets/audio/voices/himari/expanded/celebrate_retry.mp3.import	162	0	f58855ef1908843d9af1c903dbc2d695
assets/audio/voices/himari/expanded/skillRespond_008_1.mp3.import	165	0	cd1452a2aeb1866fc68b12c49ffed0bc
assets/audio/voices/himari/expanded/skillRespond_008_2.mp3.import	164	0	17404acb19a41d831fd988a1968b1693
assets/audio/voices/himari/expanded/skillRespond_008_3.mp3.import	165	0	ac4c1b5f60b16fb315782cfb383b40da
assets/audio/voices/himari/expanded/skillStart_008_1.mp3.import	162	0	2674d46007c2a237ccbc2f9ef9197d5d
assets/audio/voices/himari/expanded/skillStart_008_2.mp3.import	163	0	a3e265281916a42214f019d6aa7cb0d1
assets/audio/voices/himari/expanded/skillStart_008_3.mp3.import	163	0	ee6fab13c9153a43cf0339c5fd1074ac
assets/audio/voices/himari/expanded/start_jump.mp3.import	157	0	197436d9205425a31f4b19cf61329c3c
assets/audio/voices/himari/expanded/start_land.mp3.import	157	0	6d25efe2bd35cb37f2f4955f4153753a
assets/audio/voices/himari/expanded/start_select.mp3.import	159	0	ace4b4f52161d98754f9be96044eb613
assets/audio/voices/himari/jump.mp3.import	151	0	2475265bd97f8201b677ecfa6043a812
assets/audio/voices/himari/land.mp3.import	151	0	a04619a852c294836d2d90f7654926cd
assets/audio/voices/himari/perfect.mp3.import	154	0	9db1320e571886e60850d145793a3181
assets/audio/voices/himari/retry.mp3.import	151	0	20bc96717cc5321177aa8b1c85ae37c6
assets/audio/voices/himari/select.mp3.import	153	0	f46a5c6cd2b335a02bdfa7482a8f7b6c
assets/audio/voices/hina/combo.mp3.import	152	0	a3a4fe89b5a0034bdc0c55cde1c7a90a
assets/audio/voices/hina/expanded/band4-006-024.mp3.import	160	0	fe8627f99e5a6baebe63a6f3776f47f3
assets/audio/voices/hina/expanded/celebrate_combo.mp3.import	162	0	6d342278b4b26065249dbd3825c3246a
assets/audio/voices/hina/expanded/celebrate_perfect.mp3.import	163	0	bfd4193d30b7f124cfa368e81fe6f0dd
assets/audio/voices/hina/expanded/celebrate_retry.mp3.import	162	0	a5e4f07ba7d51a23f9ea6635978eb18a
assets/audio/voices/hina/expanded/skillRespond_017_1.mp3.import	165	0	2c6796d490762a9292ce93f491850b86
assets/audio/voices/hina/expanded/skillRespond_017_2.mp3.import	164	0	9b082d4cd767a6b7e0c0f50c10eb96b1
assets/audio/voices/hina/expanded/skillRespond_017_3.mp3.import	165	0	cb4ef540b3c0e57e183a95a6e00987a4
assets/audio/voices/hina/expanded/skillStart_017_1.mp3.import	163	0	d77d0636f9955929794fb99837d9b0eb
assets/audio/voices/hina/expanded/skillStart_017_2.mp3.import	162	0	b6ff350a4faf5afe17ed465627508256
assets/audio/voices/hina/expanded/skillStart_017_3.mp3.import	163	0	4898191c0f25812a9dd6d82365d80a31
assets/audio/voices/hina/expanded/start_jump.mp3.import	157	0	4d01d1e847c08a91a781b4a5e89453ff
assets/audio/voices/hina/expanded/start_land.mp3.import	157	0	7966b8a1013557106599b572a8c8c227
assets/audio/voices/hina/expanded/start_select.mp3.import	159	0	3f24322c80452d7cf72f9e0ecb2ecdd5
assets/audio/voices/hina/jump.mp3.import	150	0	83eceeac11e80c3a911d6f4dac51f3f2
assets/audio/voices/hina/land.mp3.import	151	0	572cdf94cd1f371e99381151526f92bc
assets/audio/voices/hina/perfect.mp3.import	153	0	03abd6d1a86b7a777364e28fcd269cf6
assets/audio/voices/hina/retry.mp3.import	152	0	9a6c65eca493835aacaa7f0ab52cb4f3
assets/audio/voices/hina/select.mp3.import	153	0	6c043cd42e0a83c8b6da674e32e023e2
assets/audio/voices/kanon/combo.mp3.import	152	0	008c734c2d8bb0653d5e744b7ad4a13b
assets/audio/voices/kanon/expanded/band3-002-011.mp3.import	160	0	4b2a7dc7ec097d8d41fd650149290809
assets/audio/voices/kanon/expanded/band3-010-044.mp3.import	159	0	61ab99d53399191b507bee0fc6f3443b
assets/audio/voices/kanon/expanded/celebrate_combo.mp3.import	162	0	b29b6512a746214a8a18e694468da8a6
assets/audio/voices/kanon/expanded/celebrate_perfect.mp3.import	164	0	94aaee3ba477b70020895f3641dc8348
assets/audio/voices/kanon/expanded/celebrate_retry.mp3.import	162	0	6e95e25ae1a4a09d945a416c01e932f2
assets/audio/voices/kanon/expanded/skillRespond_014_1.mp3.import	164	0	bb9387398ec63a1b85e231576745cc1d
assets/audio/voices/kanon/expanded/skillRespond_014_2.mp3.import	164	0	054b4c8449ebd90c569797fe5ef21cab
assets/audio/voices/kanon/expanded/skillRespond_014_3.mp3.import	164	0	0d284bf7620e249876221ff2475eb668
assets/audio/voices/kanon/expanded/skillStart_014_1.mp3.import	163	0	adb3cd6b5951b2e6e30e0021a5add5dc
assets/audio/voices/kanon/expanded/skillStart_014_2.mp3.import	162	0	cf811495644d1292bce3b6a33bddfba6
assets/audio/voices/kanon/expanded/skillStart_014_3.mp3.import	163	0	5f68fbf54a8da57c2843985fdad286db
assets/audio/voices/kanon/expanded/start_jump.mp3.import	157	0	3fc6cc8e4709682bed6ce3ca3d574ded
assets/audio/voices/kanon/expanded/start_land.mp3.import	156	0	67ad7cc50f7fe6ac3cd633b0cc49d025
assets/audio/voices/kanon/expanded/start_select.mp3.import	159	0	5031c7bd175a790e521563475cbe1cfb
assets/audio/voices/kanon/jump.mp3.import	151	0	21af98d97531bae583e83e14d664a7e2
assets/audio/voices/kanon/land.mp3.import	151	0	503327f54496cc2dd5aad2218041fd2e
assets/audio/voices/kanon/perfect.mp3.import	153	0	38901cb3c0228fb5a83e38dab46424e5
assets/audio/voices/kanon/retry.mp3.import	152	0	eff13c2605b5b516b4a1cbab1b129487
assets/audio/voices/kanon/select.mp3.import	153	0	54fb9223b52bd318eb12d267ad79b738
assets/audio/voices/kaoru/combo.mp3.import	152	0	baf414fb63030c6b45a6da16c5742be4
assets/audio/voices/kaoru/expanded/band3-016-025.mp3.import	159	0	2bee3d675c9e500cbeeb0d2024ca73df
assets/audio/voices/kaoru/expanded/celebrate_combo.mp3.import	161	0	f9f2eaa54ecec6fc5a5c8713fa652fbf
assets/audio/voices/kaoru/expanded/celebrate_perfect.mp3.import	164	0	ed50eabed3a17b14c32b877ae1dd24e5
assets/audio/voices/kaoru/expanded/celebrate_retry.mp3.import	162	0	e09a852ea380b121b9bd18cd0d4115fb
assets/audio/voices/kaoru/expanded/event57-07-043.mp3.import	161	0	787d72302077765b2b9a3a7d8018fc80
assets/audio/voices/kaoru/expanded/skillRespond_012_1.mp3.import	164	0	d8317a959a77b510fd1ab6225fa8e361
assets/audio/voices/kaoru/expanded/skillRespond_012_2.mp3.import	165	0	ffe37d8113e811c653ca0fe5e58ed03c
assets/audio/voices/kaoru/expanded/skillRespond_012_3.mp3.import	165	0	d42211c2f5c9a51345d50d0c12273803
assets/audio/voices/kaoru/expanded/skillStart_012_1.mp3.import	163	0	627ecfe9090880963c82871c53edf942
assets/audio/voices/kaoru/expanded/skillStart_012_2.mp3.import	162	0	b13eb272d7c5b96110d8c5461a29df02
assets/audio/voices/kaoru/expanded/skillStart_012_3.mp3.import	163	0	fbf6b121a40cf47ae3bee737f51c6b80
assets/audio/voices/kaoru/expanded/start_jump.mp3.import	157	0	5b639c32d7391c46e3a589d4cf975e2a
assets/audio/voices/kaoru/expanded/start_land.mp3.import	157	0	55ee062a343cf405f40ae7198b86ef0d
assets/audio/voices/kaoru/expanded/start_select.mp3.import	159	0	8345b72b39a99396dd48ea5505b8373a
assets/audio/voices/kaoru/jump.mp3.import	151	0	c5ad6b72c366fef908c6ec67153e94a7
assets/audio/voices/kaoru/land.mp3.import	151	0	fa52f640a2586684805524d5e193b8bb
assets/audio/voices/kaoru/perfect.mp3.import	153	0	4bbd84d08252f7ec47d97fd83c7e98f2
assets/audio/voices/kaoru/retry.mp3.import	152	0	c30f63414385ba7927616d3059dad5d3
assets/audio/voices/kaoru/select.mp3.import	153	0	5b0c7c6757ba322cd2c4c333dc247af6
assets/audio/voices/kasumi/combo.mp3.import	151	0	c5abbf29d6128506fd75cad597ef5c72
assets/audio/voices/kasumi/expanded/band1-001-004.mp3.import	160	0	0b96629b96f457a95c94ea326029fe30
assets/audio/voices/kasumi/expanded/band1-006-031.mp3.import	160	0	e72d6e31071087f3eeacfc4a510a09e9
assets/audio/voices/kasumi/expanded/celebrate_combo.mp3.import	161	0	fba8afa6544cef10aeb6b633100163c6
assets/audio/voices/kasumi/expanded/celebrate_perfect.mp3.import	164	0	0f313804bbcab4ed0d4fe90d79bd87ed
assets/audio/voices/kasumi/expanded/celebrate_retry.mp3.import	162	0	9665edf851e93a703699b8a6c6d3e2d8
assets/audio/voices/kasumi/expanded/skillRespond_001_1.mp3.import	164	0	79bf96792a67f0fd0e16ac1773161211
assets/audio/voices/kasumi/expanded/skillRespond_001_2.mp3.import	165	0	d24c3c9afc67e6038a9342814acaa578
assets/audio/voices/kasumi/expanded/skillRespond_001_3.mp3.import	165	0	f20ed472d2b5f2e75e590135c7e0dd46
assets/audio/voices/kasumi/expanded/skillStart_001_1.mp3.import	163	0	d0c75145dd1e3550d06b6f12859b50e5
assets/audio/voices/kasumi/expanded/skillStart_001_2.mp3.import	162	0	952c98374c734fa3c9b7f25a66ee835a
assets/audio/voices/kasumi/expanded/skillStart_001_3.mp3.import	162	0	c1b5150a00ded5ad610686f85bd47618
assets/audio/voices/kasumi/expanded/start_jump.mp3.import	157	0	05a69cbe141b3b81df55abe59f1cf533
assets/audio/voices/kasumi/expanded/start_land.mp3.import	157	0	7eb1d8bea09d660bbd710bac5f1b6526
assets/audio/voices/kasumi/expanded/start_select.mp3.import	158	0	cd7e74c4290840b38ec0d680d74d47e0
assets/audio/voices/kasumi/jump.mp3.import	151	0	d4b2890af27de1e50235adf39602167a
assets/audio/voices/kasumi/land.mp3.import	151	0	734be754670896dd24488a7423ac9860
assets/audio/voices/kasumi/perfect.mp3.import	154	0	52c20093a811e8e10390e64046a3d904
assets/audio/voices/kasumi/retry.mp3.import	152	0	6c7815ab56a5da7f1b4d4777f449f750
assets/audio/voices/kasumi/select.mp3.import	153	0	36a991615f3320c9e5053bebf33226fc
assets/audio/voices/kokoro/combo.mp3.import	151	0	6fc1d271fbe950faf1b1d42b38ae8720
assets/audio/voices/kokoro/expanded/band3-014-011.mp3.import	160	0	7eeb9e75edc2a79dad3d3efdc2d31a5b
assets/audio/voices/kokoro/expanded/band3-014-015.mp3.import	160	0	dd36fc59a72c0c29eddaaa498fff4de6
assets/audio/voices/kokoro/expanded/celebrate_combo.mp3.import	162	0	d0eed83d8b5f24f218b0d255aa8f57f0
assets/audio/voices/kokoro/expanded/celebrate_perfect.mp3.import	164	0	5c9b06f4c0cbb99df60eba021264a1ce
assets/audio/voices/kokoro/expanded/celebrate_retry.mp3.import	162	0	2d92ccc0ad1514d2005efaf93a1bc863
assets/audio/voices/kokoro/expanded/skillRespond_011_1.mp3.import	165	0	35937d98bfbeb76a779601397297c215
assets/audio/voices/kokoro/expanded/skillRespond_011_2.mp3.import	165	0	9240b06634e33824552704cfb1ee7cd4
assets/audio/voices/kokoro/expanded/skillRespond_011_3.mp3.import	165	0	933bff5f594d7cdc203da80cb4102d0b
assets/audio/voices/kokoro/expanded/skillStart_011_1.mp3.import	162	0	0e12891feb515fa7620a1089250b67ed
assets/audio/voices/kokoro/expanded/skillStart_011_2.mp3.import	163	0	4f7fe5ecc90e86e546c77bc095ab4eb4
assets/audio/voices/kokoro/expanded/skillStart_011_3.mp3.import	163	0	b9b77a83e9170c91465f6d92766c6b8b
assets/audio/voices/kokoro/expanded/start_jump.mp3.import	157	0	605a0dff84dd2265d2baf3f2f53beb94
assets/audio/voices/kokoro/expanded/start_land.mp3.import	157	0	6a7cc5dcf72fe5fea0599325baee46ac
assets/audio/voices/kokoro/expanded/start_select.mp3.import	159	0	fafa9aa300e8137783647d078dc282e3
assets/audio/voices/kokoro/jump.mp3.import	151	0	a30a08117b7efcfccd801c4f07b6d5b0
assets/audio/voices/kokoro/land.mp3.import	151	0	49e41756b27d00e972dd813e83bc2819
assets/audio/voices/kokoro/perfect.mp3.import	154	0	e1fb775ed77c379c4790f93e6b12d01b
assets/audio/voices/kokoro/retry.mp3.import	152	0	11ea1ebee7eead6f4935961af030b2d5
assets/audio/voices/kokoro/select.mp3.import	153	0	962b00ecf27d182c0ce876dc4089a8a1
assets/audio/voices/layer/combo.mp3.import	152	0	85e6e8f41aad93303edb91a956c8410d
assets/audio/voices/layer/expanded/celebrate_combo.mp3.import	162	0	147a6569da4f63a72d44a4c3a9c3e160
assets/audio/voices/layer/expanded/celebrate_perfect.mp3.import	164	0	69611f2ba49500d7871a8828fd9ef145
assets/audio/voices/layer/expanded/celebrate_retry.mp3.import	161	0	2c0550c1ba7306897913a685de7ac58f
assets/audio/voices/layer/expanded/event125-05-047.mp3.import	162	0	5c5bf110abcbce40dd37385101f4cbb8
assets/audio/voices/layer/expanded/event125-05-050.mp3.import	162	0	b411ed71f18e26db8ed3d5e4214896a7
assets/audio/voices/layer/expanded/event125-11-025.mp3.import	162	0	824025e37af8029aaff4f7ecbf1248b1
assets/audio/voices/layer/expanded/skillRespond_031_1.mp3.import	165	0	dabee7a1641f9b9a435e06971fc7d831
assets/audio/voices/layer/expanded/skillRespond_031_2.mp3.import	165	0	40af169b46ae2a990809df7fb80a23bd
assets/audio/voices/layer/expanded/skillRespond_031_3.mp3.import	165	0	322d20ad84870ecca75ced62c7f9c2c3
assets/audio/voices/layer/expanded/skillStart_031_1.mp3.import	163	0	e56d4b9c1261092f590ff85aa5b08534
assets/audio/voices/layer/expanded/skillStart_031_2.mp3.import	163	0	1b849b5b1ef237ca171c65cac10004ea
assets/audio/voices/layer/expanded/skillStart_031_3.mp3.import	163	0	b033ef5ea63428b2bad504c8e740c957
assets/audio/voices/layer/expanded/start_jump.mp3.import	156	0	a292814d851946379a8dbe3f9c200a62
assets/audio/voices/layer/expanded/start_land.mp3.import	157	0	1c808f908487650e6305ce06aaf7bce0
assets/audio/voices/layer/expanded/start_select.mp3.import	159	0	0bcbd19ecf2b7033e099b96a69184baf
assets/audio/voices/layer/jump.mp3.import	151	0	579f1dc16644ef86cc952c298e36a6d5
assets/audio/voices/layer/land.mp3.import	150	0	cc3115ab8a19be7846b18e0b6f9dd687
assets/audio/voices/layer/perfect.mp3.import	154	0	62fe6d5e8ce03185547405634f3c3a34
assets/audio/voices/layer/retry.mp3.import	152	0	4f72ddf8206ec85abbc087560971b6b5
assets/audio/voices/layer/select.mp3.import	153	0	cbbba0c49ee055ca438f2c30490c4729
assets/audio/voices/lisa/combo.mp3.import	152	0	3fce4cd5e0ebed6115091c528ed33129
assets/audio/voices/lisa/expanded/band5-016-038.mp3.import	160	0	9de1d52df7cbfd085b4197fbd5849064
assets/audio/voices/lisa/expanded/celebrate_combo.mp3.import	162	0	a202464362ab2440e0259e08da01891f
assets/audio/voices/lisa/expanded/celebrate_perfect.mp3.import	164	0	6355b949efb61c80c2ea57c958336e0d
assets/audio/voices/lisa/expanded/celebrate_retry.mp3.import	162	0	cfa72b98c1be6ad7d72dc3825cea2847
assets/audio/voices/lisa/expanded/event43-06-054.mp3.import	161	0	3e6c2af6222b3ae706125c0d781a1666
assets/audio/voices/lisa/expanded/skillRespond_023_1.mp3.import	165	0	8dd25cb6601836dfb3906845a726a666
assets/audio/voices/lisa/expanded/skillRespond_023_2.mp3.import	164	0	545937ab93e3671bde83dd3b73df3374
assets/audio/voices/lisa/expanded/skillRespond_023_3.mp3.import	165	0	1883d8f19b0fc710a150d83ff19ed351
assets/audio/voices/lisa/expanded/skillStart_023_1.mp3.import	163	0	38c184c601b3c928af472693b41cec54
assets/audio/voices/lisa/expanded/skillStart_023_2.mp3.import	163	0	da2aedf9691e0bfcb7a029640ca8d80c
assets/audio/voices/lisa/expanded/skillStart_023_3.mp3.import	163	0	0770833963685905cf2e20bdce4321cf
assets/audio/voices/lisa/expanded/start_jump.mp3.import	157	0	beaa2b741f0404557e7d5b03f3e62b30
assets/audio/voices/lisa/expanded/start_land.mp3.import	157	0	cc26be75324e5f805ad4a8853b6a1463
assets/audio/voices/lisa/expanded/start_select.mp3.import	159	0	af3c94e1d6d2194b8d9d41c700d1cb3b
assets/audio/voices/lisa/jump.mp3.import	151	0	43120887a28d3a85fade48b2eff26466
assets/audio/voices/lisa/land.mp3.import	151	0	47526331dbb497123e67204cd0c10efa
assets/audio/voices/lisa/perfect.mp3.import	154	0	0c837e3c03e7f18de7d42d71a0404fda
assets/audio/voices/lisa/retry.mp3.import	151	0	f92b0cce5e9fe69da5676dac0c8dbdf5
assets/audio/voices/lisa/select.mp3.import	153	0	80fe6d89c28549a8fe71831058cc18f5
assets/audio/voices/lock/combo.mp3.import	152	0	846885d75dc40a9af398b75af65b66a3
assets/audio/voices/lock/expanded/celebrate_combo.mp3.import	161	0	55d2e780b88f05d92604f14ab59c7a2f
assets/audio/voices/lock/expanded/celebrate_perfect.mp3.import	164	0	d2eefb4d0eaf88e652e994b5aa4b366a
assets/audio/voices/lock/expanded/celebrate_retry.mp3.import	162	0	563e5ff57321156f2e3de86fb9969506
assets/audio/voices/lock/expanded/event117-05-007.mp3.import	162	0	c48a48d8348e62576b3599ac85746140
assets/audio/voices/lock/expanded/event117-05-041.mp3.import	162	0	346ae7ad166f952278de126aab55acbd
assets/audio/voices/lock/expanded/skillRespond_032_1.mp3.import	165	0	243ceeee251ccba2683de53b9c06f4fe
assets/audio/voices/lock/expanded/skillRespond_032_2.mp3.import	165	0	e304c33ab4f0f338b1200f478f4cd576
assets/audio/voices/lock/expanded/skillRespond_032_3.mp3.import	165	0	416b995bb5b8e7e0e7e67528e308a275
assets/audio/voices/lock/expanded/skillStart_032_1.mp3.import	163	0	073162fe39a39b3bcdcb619f70e93f91
assets/audio/voices/lock/expanded/skillStart_032_2.mp3.import	163	0	b00e0ee629187733723290e2e6227d7c
assets/audio/voices/lock/expanded/skillStart_032_3.mp3.import	162	0	1ca57f2d1ed5a8822d82c3d58a79bc6f
assets/audio/voices/lock/expanded/start_jump.mp3.import	156	0	f11293f6c03c28643f9e5f5c5d9a5711
assets/audio/voices/lock/expanded/start_land.mp3.import	156	0	76efb499b9798fc3e87c3fdb59c02ba5
assets/audio/voices/lock/expanded/start_select.mp3.import	158	0	0e808893c35c92a7c0f028feafbc8011
assets/audio/voices/lock/jump.mp3.import	151	0	7eb5bfd40507b8e1a6f50d4904581746
assets/audio/voices/lock/land.mp3.import	151	0	c28ba84e0925c8a1bb782a20ea5a65bd
assets/audio/voices/lock/perfect.mp3.import	154	0	3187387436857f8e2895c337a019a8f0
assets/audio/voices/lock/retry.mp3.import	152	0	c9cbdee05d2fd2e17ec478db7ddd6229
assets/audio/voices/lock/select.mp3.import	152	0	15bb0c4fa299c76781e96a8a95569645
assets/audio/voices/mashiro/combo.mp3.import	152	0	614a1109a6f4947b4048b6a9d400a2e3
assets/audio/voices/mashiro/expanded/band6-01-014.mp3.import	159	0	dfb878e32d9f802968d349b2c7bc1e1c
assets/audio/voices/mashiro/expanded/band6-15-053.mp3.import	159	0	340e77b94c409850277249b2db892639
assets/audio/voices/mashiro/expanded/celebrate_combo.mp3.import	162	0	7536cb7193c967db440827e0afd3d0c1
assets/audio/voices/mashiro/expanded/celebrate_perfect.mp3.import	163	0	6af18e68ba92b9a02cdc9f92d39f03f0
assets/audio/voices/mashiro/expanded/celebrate_retry.mp3.import	162	0	71d0b8d3b452a3b136abaab94ed3211d
assets/audio/voices/mashiro/expanded/skillRespond_026_1.mp3.import	165	0	5d91c9d9727f1e47881d0bee32ff5e2b
assets/audio/voices/mashiro/expanded/skillRespond_026_2.mp3.import	164	0	7eae506b8dee1dc009b4a3d66610472c
assets/audio/voices/mashiro/expanded/skillRespond_026_3.mp3.import	165	0	2a9032162d79d6646c7afe9c4a32be50
assets/audio/voices/mashiro/expanded/skillStart_026_1.mp3.import	163	0	735290b9116969ce1780d837c878aef6
assets/audio/voices/mashiro/expanded/skillStart_026_2.mp3.import	162	0	79b9efa4a5141abc623fed778e2b495e
assets/audio/voices/mashiro/expanded/skillStart_026_3.mp3.import	163	0	3c9ec286dfe076d9f0d69cebff26dfc2
assets/audio/voices/mashiro/expanded/start_jump.mp3.import	157	0	a054a1f4e6478da537e1dabdaa0c5e92
assets/audio/voices/mashiro/expanded/start_land.mp3.import	157	0	90fa55fcfdc525bebb071e05f8874597
assets/audio/voices/mashiro/expanded/start_select.mp3.import	159	0	97a717f07bab488e994bba556c5bdc7e
assets/audio/voices/mashiro/jump.mp3.import	151	0	e1c6508abb2eef4225a779c4379ddf0f
assets/audio/voices/mashiro/land.mp3.import	150	0	4967fed3496a54f26af3fd052862b0ba
assets/audio/voices/mashiro/perfect.mp3.import	154	0	c810febe28b25ac2c2b900f882ed553e
assets/audio/voices/mashiro/retry.mp3.import	152	0	4624f6e09dd4d93dee460a4211820bc6
assets/audio/voices/mashiro/select.mp3.import	153	0	63b4bf3d967818f7f806f6bb6b69fca2
assets/audio/voices/masking/combo.mp3.import	152	0	24823cf864dd580467864ffc8eb76ec6
assets/audio/voices/masking/expanded/celebrate_combo.mp3.import	162	0	b6c710d5ce31c42877da7f3f010c1bc1
assets/audio/voices/masking/expanded/celebrate_perfect.mp3.import	164	0	167f015eb925d3d213fa68eeb20d1b99
assets/audio/voices/masking/expanded/celebrate_retry.mp3.import	162	0	7a1bcd675029efef59eec537551aa090
assets/audio/voices/masking/expanded/event117-08-042.mp3.import	162	0	c8f54a85f35c57073ad1a8a575eff5ff
assets/audio/voices/masking/expanded/event117-09-042.mp3.import	162	0	d72a4d09d02abaf92826b199fc3258ef
assets/audio/voices/masking/expanded/event117-12-052.mp3.import	161	0	a559248f6efa2d03fc6e7e6d8e7c18aa
assets/audio/voices/masking/expanded/event125-06-024.mp3.import	162	0	006eca9586e18af7463a1867f286347c
assets/audio/voices/masking/expanded/skillRespond_033_1.mp3.import	165	0	d987025e50567f0fd2e459d6e4688017
assets/audio/voices/masking/expanded/skillRespond_033_2.mp3.import	164	0	9019cc162382ce41ef8b984bde6640a6
assets/audio/voices/masking/expanded/skillRespond_033_3.mp3.import	165	0	1879fe73216767a325e5bd401acc7710
assets/audio/voices/masking/expanded/skillStart_033_1.mp3.import	163	0	18ef26d39be24acaf51316517a97066f
assets/audio/voices/masking/expanded/skillStart_033_2.mp3.import	163	0	913493e3adb1ac3875fe56a7a2d2d1d1
assets/audio/voices/masking/expanded/skillStart_033_3.mp3.import	162	0	2466e3e07ba1bcdad0fd365aea63e086
assets/audio/voices/masking/expanded/start_jump.mp3.import	157	0	0b65cc5602ab2695c304bb5790b85e39
assets/audio/voices/masking/expanded/start_land.mp3.import	157	0	3c119311d3d19c5d7034b141141c0830
assets/audio/voices/masking/expanded/start_select.mp3.import	159	0	4d9b890072912874d4fdc0e7f7416489
assets/audio/voices/masking/jump.mp3.import	151	0	5a6a90fc93f5af05754425c018dac77d
assets/audio/voices/masking/land.mp3.import	151	0	ca43985201b1e321f962e0b6f5d26981
assets/audio/voices/masking/perfect.mp3.import	153	0	4d76dcde29d6722b8712617adf78ee68
assets/audio/voices/masking/retry.mp3.import	152	0	580e4a01072fe8ca0a98dc950ad39d9d
assets/audio/voices/masking/select.mp3.import	153	0	4b66bf13ad6bfbc54ca00f9f55f16454
assets/audio/voices/maya/combo.mp3.import	152	0	3c9db9dd52cccff0f3fa71290588895f
assets/audio/voices/maya/expanded/band4-003-006.mp3.import	159	0	40deaad0a78e3534bfbb73797172f3c9
assets/audio/voices/maya/expanded/band4-020-008.mp3.import	160	0	64cf6038a2f253808f0b089ebb4ccc81
assets/audio/voices/maya/expanded/celebrate_combo.mp3.import	162	0	909dd9440864e77f17316d24ba50082e
assets/audio/voices/maya/expanded/celebrate_perfect.mp3.import	163	0	116502984f9a584cd4c6e0cbb402c4a1
assets/audio/voices/maya/expanded/celebrate_retry.mp3.import	162	0	94afeb9363b4dbd3c18aede6083a423c
assets/audio/voices/maya/expanded/event46-04-026.mp3.import	161	0	59fe06d71010b5f382e7ac343c4dedee
assets/audio/voices/maya/expanded/event46-04-030.mp3.import	161	0	bb2f10deb7551163cb574c0ce55bc5d3
assets/audio/voices/maya/expanded/skillRespond_019_1.mp3.import	165	0	5a05823fcff528195339af71e7f03953
assets/audio/voices/maya/expanded/skillRespond_019_2.mp3.import	165	0	770b7123b89b99fa17675ab00d485215
assets/audio/voices/maya/expanded/skillRespond_019_3.mp3.import	165	0	37e2f201e235c6635b8cd38874767cc0
assets/audio/voices/maya/expanded/skillStart_019_1.mp3.import	162	0	9b14a5c8229b54351b991f5dce56e42f
assets/audio/voices/maya/expanded/skillStart_019_2.mp3.import	163	0	24d421a3046528b7f7573dba96090174
assets/audio/voices/maya/expanded/skillStart_019_3.mp3.import	163	0	942b856b7ee3062ba5437f96e6ad3723
assets/audio/voices/maya/expanded/start_jump.mp3.import	156	0	f6961ff456d00c3e977511acaf3032e6
assets/audio/voices/maya/expanded/start_land.mp3.import	156	0	cb8e9993b83a5fbb52b0a5fb1c2663cb
assets/audio/voices/maya/expanded/start_select.mp3.import	158	0	7f4a99fc41f6d8c38f189930d0938cf8
assets/audio/voices/maya/jump.mp3.import	150	0	6598f2f63a14ee7b757b7f18686c3444
assets/audio/voices/maya/land.mp3.import	151	0	58a3abce2c216c9dd2bcca906816bdff
assets/audio/voices/maya/perfect.mp3.import	154	0	79fd8e6aff4851dd15cd0d9cf48100fc
assets/audio/voices/maya/retry.mp3.import	152	0	495b17abd515d52b9ac00de7d51b2021
assets/audio/voices/maya/select.mp3.import	152	0	81efe29f6c818717c69ed6693b05d568
assets/audio/voices/misaki/combo.mp3.import	152	0	1751e88a75aa2a9fa1798e87287ca35a
assets/audio/voices/misaki/expanded/band3-008-001.mp3.import	160	0	710d8bb0073c158e6b4f639394ef0069
assets/audio/voices/misaki/expanded/band3-010-040.mp3.import	160	0	0bec9d9bd2a08031a6722681958701f9
assets/audio/voices/misaki/expanded/celebrate_combo.mp3.import	161	0	fb58e7f13173136ab1bd38a5f3e21f5b
assets/audio/voices/misaki/expanded/celebrate_perfect.mp3.import	164	0	03c2a089513270280f3436f3f39081ff
assets/audio/voices/misaki/expanded/celebrate_retry.mp3.import	162	0	b3791bd0d20d94ec112a1d76ed72342f
assets/audio/voices/misaki/expanded/skillRespond_015_1.mp3.import	164	0	4c9bfc0ffdb99e4e5de1fa6d8f8b7418
assets/audio/voices/misaki/expanded/skillRespond_015_2.mp3.import	165	0	031c9158776153788cfcff3275dea7dc
assets/audio/voices/misaki/expanded/skillRespond_015_3.mp3.import	164	0	7d93da09b99805d6e4f3834bbb2eda46
assets/audio/voices/misaki/expanded/skillStart_015_1.mp3.import	163	0	49b8c1249b45cad6c1e1e3a139ee784c
assets/audio/voices/misaki/expanded/skillStart_015_2.mp3.import	163	0	b863cc246678c08c38b9b2db2f0a8cd1
assets/audio/voices/misaki/expanded/skillStart_015_3.mp3.import	163	0	2a7198e00bfcdd502fc92d9d8eccef94
assets/audio/voices/misaki/expanded/start_jump.mp3.import	157	0	bf7c6a0fb41bb481f7da5fecac67e6f8
assets/audio/voices/misaki/expanded/start_land.mp3.import	157	0	1371de4964b25ee1d93ca844ad05ebb9
assets/audio/voices/misaki/expanded/start_select.mp3.import	158	0	33d16c2c14b4a79e1b344161c2903239
assets/audio/voices/misaki/jump.mp3.import	151	0	c0c6bb86719c2a6eef3d1dbbed37d4ae
assets/audio/voices/misaki/land.mp3.import	150	0	aca979f7322d5aa51192d60387e49853
assets/audio/voices/misaki/perfect.mp3.import	153	0	de01a59bfa38623e95d4ee64b5aa12d1
assets/audio/voices/misaki/retry.mp3.import	152	0	c824f068b78f524ec0936ad5e898383c
assets/audio/voices/misaki/select.mp3.import	153	0	293f9433e0091ed21a6c44454680fe58
assets/audio/voices/moca/combo.mp3.import	151	0	0a75ec0901751d12c0f628e45eeb026a
assets/audio/voices/moca/expanded/band2-008-005.mp3.import	159	0	4ecbd0d860f1fa4d868c0f2d4f7d185d
assets/audio/voices/moca/expanded/band2-011-025.mp3.import	159	0	104ea92162812e417b0dd6ceb45a9bab
assets/audio/voices/moca/expanded/celebrate_combo.mp3.import	161	0	d5aa1b8dc0751e7bc0ef593e00a4af87
assets/audio/voices/moca/expanded/celebrate_perfect.mp3.import	164	0	cc18e9fca0508f176fbcef93a5ba52bc
assets/audio/voices/moca/expanded/celebrate_retry.mp3.import	161	0	d12f24a81544b2675ef8a164ce53d41d
assets/audio/voices/moca/expanded/skillRespond_007_1.mp3.import	164	0	51ae61d3a0c82f5573f81564ec211199
assets/audio/voices/moca/expanded/skillRespond_007_2.mp3.import	164	0	c423e671e15f9d0ef224b86d87881c42
assets/audio/voices/moca/expanded/skillRespond_007_3.mp3.import	165	0	0f3507b68a5551dd7677ff585563cff8
assets/audio/voices/moca/expanded/skillStart_007_1.mp3.import	163	0	bdf53e359fb5378fbafdc8d314463850
assets/audio/voices/moca/expanded/skillStart_007_2.mp3.import	163	0	f55bfb1b39da019261922e805c241662
assets/audio/voices/moca/expanded/skillStart_007_3.mp3.import	163	0	0448b4e0415e6b5c9c8de6000b3b2af5
assets/audio/voices/moca/expanded/start_jump.mp3.import	157	0	894e06b7153527de091eba8e6abbd551
assets/audio/voices/moca/expanded/start_land.mp3.import	157	0	5e64466d46d9b88bb85125fc7d43993c
assets/audio/voices/moca/expanded/start_select.mp3.import	158	0	cd4ff8e3a030dc7ec5a06a15ba9c7781
assets/audio/voices/moca/jump.mp3.import	151	0	36dd6f086c43397f117263622c9a9ff5
assets/audio/voices/moca/land.mp3.import	151	0	51e0924d2e4a13fb1e51478423a54f36
assets/audio/voices/moca/perfect.mp3.import	154	0	404c8e4ca9170ae81fdd0fadd627458f
assets/audio/voices/moca/retry.mp3.import	152	0	333856fe1086322bf62c19c672354767
assets/audio/voices/moca/select.mp3.import	153	0	4fff0d24cd26a9f6187d99c0a0d53e55
assets/audio/voices/mutsumi/combo.wav.import	152	0	fb783f292db064610a749980eb595ce2
assets/audio/voices/mutsumi/expanded/local_00df0dcda074.mp3.import	164	0	721dbe803f407090d35be8010df0d831
assets/audio/voices/mutsumi/expanded/local_53e5b7f8db19.mp3.import	165	0	1381667d5450079016af5d94e1590f66
assets/audio/voices/mutsumi/expanded/local_5eb5c4856974.mp3.import	165	0	619023269156c3d1e8d8d98c88c080ff
assets/audio/voices/mutsumi/expanded/local_86e662b4138b.mp3.import	164	0	ebd94e610293ba9992c90a5da3a8ac90
assets/audio/voices/mutsumi/expanded/local_98b1f03365dc.mp3.import	165	0	055965c2546489a3dcd53b19d689e0eb
assets/audio/voices/mutsumi/expanded/local_b3928885b8c3.mp3.import	165	0	661a58b75761bf6ac2983df099f12286
assets/audio/voices/mutsumi/expanded/local_bbcc4fd1bea5.mp3.import	165	0	906a14b173cd2aa103247f70dc61778c
assets/audio/voices/mutsumi/expanded/local_d5b1570f6dd6.mp3.import	165	0	94dbc26bf51101d09dc73cd601f3563f
assets/audio/voices/mutsumi/expanded/local_eeb69865a810.mp3.import	165	0	49bb97a0807e4d5f823b2bcf4bed4903
assets/audio/voices/mutsumi/expanded/local_f2e0a5100753.mp3.import	165	0	69af93bc5b0af765990eb03366f8558a
assets/audio/voices/mutsumi/expanded/local_f66f7df0e658.mp3.import	165	0	06ef3d1ce09d7650598c9d3c49baa606
assets/audio/voices/mutsumi/fail.wav.import	150	0	4158d67ed29277b3e4bf9811f6906c85
assets/audio/voices/mutsumi/jump.wav.import	151	0	0a3530cd773d74060d619c316bedaf8e
assets/audio/voices/mutsumi/land.wav.import	151	0	2afdb53cbe676a90cf77c88d81ca7fb5
assets/audio/voices/mutsumi/perfect.wav.import	154	0	c160fd43397bc01a89d201f481f83165
assets/audio/voices/mutsumi/retry.wav.import	151	0	3b619aacf0187d2efcf5b8dde3ebdd7f
assets/audio/voices/mutsumi/select.wav.import	153	0	478ac624a9c9fb81ace61f0a94ff748e
assets/audio/voices/mutsumi/switch.wav.import	153	0	81ee75111c4a9487cf8d973b3f568354
assets/audio/voices/mutsumi_mortis/combo.wav.import	152	0	5b14f17c8b677321224ca3b72589e45c
assets/audio/voices/mutsumi_mortis/expanded/local_01d7bbd207a5.mp3.import	165	0	931b0a2c0dd9aed7bd548f51ca82e689
assets/audio/voices/mutsumi_mortis/expanded/local_0597a158a496.mp3.import	164	0	0baac21fcbc9c50bcadf74203eeb9e37
assets/audio/voices/mutsumi_mortis/expanded/local_0d1d4cea335a.mp3.import	164	0	72d405c781f009910b01023464273f12
assets/audio/voices/mutsumi_mortis/expanded/local_0d35df44cca8.mp3.import	164	0	0b6add39bbcef97e5ee7b76f7cfcdb16
assets/audio/voices/mutsumi_mortis/expanded/local_1bf73b46a05e.mp3.import	164	0	c97bba8edc4dac5d6478c91d4bc04ce2
assets/audio/voices/mutsumi_mortis/expanded/local_219a2ce67dab.mp3.import	165	0	fd1faa8b2283f3a7c3d204a813d8edf4
assets/audio/voices/mutsumi_mortis/expanded/local_2228be227b5e.mp3.import	165	0	4698ddd02ccc3a7d69cc373f3a57caf2
assets/audio/voices/mutsumi_mortis/expanded/local_50dc5b1199a3.mp3.import	164	0	dc69491a012ba620ad075a07d70b579a
assets/audio/voices/mutsumi_mortis/expanded/local_652f38ff7b9f.mp3.import	165	0	bc782154bd80485906e48357658f3526
assets/audio/voices/mutsumi_mortis/expanded/local_90e8cbf1daf7.mp3.import	164	0	e72520b062d0d8c1d536209ac2883acb
assets/audio/voices/mutsumi_mortis/expanded/local_93268b97bea8.mp3.import	165	0	902892d606634a26383da0f116dcd079
assets/audio/voices/mutsumi_mortis/expanded/local_93fedd1d5b28.mp3.import	165	0	a7109323cf4ff85d063241a288a355d2
assets/audio/voices/mutsumi_mortis/expanded/local_94fd0062baf5.mp3.import	164	0	1933b34811f99311d54da338325ed5ac
assets/audio/voices/mutsumi_mortis/expanded/local_b05e259077fd.mp3.import	165	0	0ecb3bbc2bd789de9fac71358ab8809c
assets/audio/voices/mutsumi_mortis/fail.wav.import	151	0	b6b96bb5d637c817e228b6803c28be1c
assets/audio/voices/mutsumi_mortis/jump.wav.import	151	0	b44764a3d4c1e2340a0d6cd7cc5f920a
assets/audio/voices/mutsumi_mortis/land.wav.import	151	0	cb92c46cc092856e938856bd4a61629f
assets/audio/voices/mutsumi_mortis/perfect.wav.import	154	0	aa7b1ed91a83ff1ceeed7b775e3b0ce4
assets/audio/voices/mutsumi_mortis/retry.wav.import	151	0	a6bb494ac96ffa919488a05f44658b87
assets/audio/voices/mutsumi_mortis/select.wav.import	153	0	7e849eac414a5ae71c0dc07a2f95e78a
assets/audio/voices/mutsumi_mortis/switch.wav.import	153	0	4fd5329eb1aca2a033bbad2ec7a1e306
assets/audio/voices/nanami/combo.mp3.import	152	0	fce7d2fdec17a8b7a87b9ef4c7f6d5a4
assets/audio/voices/nanami/expanded/band6-13-035.mp3.import	158	0	953e462d19742e4f35f3f4e1715f299a
assets/audio/voices/nanami/expanded/band6-13-053.mp3.import	159	0	ce35bd5505b99eb44133e1329de384aa
assets/audio/voices/nanami/expanded/celebrate_combo.mp3.import	161	0	f94b50d4edcc156c6afa015ea34b7392
assets/audio/voices/nanami/expanded/celebrate_perfect.mp3.import	164	0	32069a5d640c06750167a34b45d14826
assets/audio/voices/nanami/expanded/celebrate_retry.mp3.import	161	0	e1223804e1b027148f18091f5445efe7
assets/audio/voices/nanami/expanded/skillRespond_028_1.mp3.import	165	0	747e886e9550ec6a725c706a6b30fa75
assets/audio/voices/nanami/expanded/skillRespond_028_2.mp3.import	165	0	1380b310504f1f79129e7ab5edc7afa8
assets/audio/voices/nanami/expanded/skillRespond_028_3.mp3.import	165	0	639656d3916741b0d3fed331a30b3d18
assets/audio/voices/nanami/expanded/skillStart_028_1.mp3.import	163	0	d6d9e46ea05e71e5731226a7e9e89ca8
assets/audio/voices/nanami/expanded/skillStart_028_2.mp3.import	163	0	604e917afeb3df96f435076cd8f0d8b1
assets/audio/voices/nanami/expanded/skillStart_028_3.mp3.import	163	0	bd30d85542906261c18e7e57131bdc9b
assets/audio/voices/nanami/expanded/start_jump.mp3.import	156	0	6779e9b81265027d1946584f18bca6e9
assets/audio/voices/nanami/expanded/start_land.mp3.import	157	0	d2f32559bc8f08ace9a4e28a6e7c3ef5
assets/audio/voices/nanami/expanded/start_select.mp3.import	158	0	ea8cc195ff88007e50eeb1a2428fb95f
assets/audio/voices/nanami/jump.mp3.import	151	0	fecd169612891a054937771823c7a91d
assets/audio/voices/nanami/land.mp3.import	151	0	7d2fa4b537d432708af243e33429d145
assets/audio/voices/nanami/perfect.mp3.import	154	0	5b2870383a04801f2991e3248a443874
assets/audio/voices/nanami/retry.mp3.import	151	0	522231e9206de7fcd81b894ee92acce0
assets/audio/voices/nanami/select.mp3.import	153	0	f709f395f34a22630ec02a2481e4da9f
assets/audio/voices/nyamu/combo.wav.import	152	0	e55c21ff2e701a9cf28192ef1b12212e
assets/audio/voices/nyamu/expanded/local_0c216db3303c.mp3.import	164	0	01595dcc02425910ee36e3acc1dff98c
assets/audio/voices/nyamu/expanded/local_1738e2f5c5c7.mp3.import	165	0	3d55fe9d6f19622a966a8c66fa776120
assets/audio/voices/nyamu/expanded/local_2c3b4b1a9edf.mp3.import	165	0	377ff892def5943d73143edf835bb020
assets/audio/voices/nyamu/expanded/local_30439ca23cfc.mp3.import	164	0	8fd5d45e1c7a66cd60cb1d25a75cc311
assets/audio/voices/nyamu/expanded/local_3ac849451150.mp3.import	164	0	0f8d7f293d9f81153a457436494c89cf
assets/audio/voices/nyamu/expanded/local_450025a2178d.mp3.import	164	0	41d46fbf49c6d5a955b0986cb89a3d91
assets/audio/voices/nyamu/expanded/local_57c839dd5695.mp3.import	165	0	10b8c3ccc99e3a549131ed3321733a5a
assets/audio/voices/nyamu/expanded/local_70946cb38b30.mp3.import	165	0	9958c46b5a9929db7a239a0f1b19b4ff
assets/audio/voices/nyamu/expanded/local_ac1a92675380.mp3.import	165	0	bd9508cfba43cc7eee9d750216b21fe3
assets/audio/voices/nyamu/expanded/local_b29e29f05b6f.mp3.import	165	0	eb4d0900f829d7a09e5fa257187dd78a
assets/audio/voices/nyamu/expanded/local_e3f2f0d96b79.mp3.import	164	0	53ac376b570e28800532a11ad79d8c91
assets/audio/voices/nyamu/expanded/local_eea5221fac1d.mp3.import	165	0	6f200ecfa3495b4215c9d1d49878a1a5
assets/audio/voices/nyamu/expanded/local_f59b274e3569.mp3.import	165	0	6d22ee17580250e29723be6a770f73aa
assets/audio/voices/nyamu/expanded/local_fb24a93be8ac.mp3.import	165	0	87a79ae1167c228785f319562a583b64
assets/audio/voices/nyamu/fail.wav.import	151	0	843f8c53631a984328c2b3ee08e60302
assets/audio/voices/nyamu/jump.wav.import	151	0	f0d8726fc0bb55d582b498d371a129e1
assets/audio/voices/nyamu/land.wav.import	150	0	66eab77b27c5fcf3c417f1848105bfd5
assets/audio/voices/nyamu/perfect.wav.import	154	0	b4ce99bc07fd9953bde1301ea043a2f0
assets/audio/voices/nyamu/retry.wav.import	152	0	9065b8c63efe8b582672a495fdc31523
assets/audio/voices/nyamu/select.wav.import	153	0	a60ac17a146ffbc41bf328ab931531ec
assets/audio/voices/pareo/combo.mp3.import	151	0	2b9771b35b2914c038fe46e37a35b912
assets/audio/voices/pareo/expanded/celebrate_combo.mp3.import	162	0	bca5f0ade72f94d167f1ffcd0485f87d
assets/audio/voices/pareo/expanded/celebrate_perfect.mp3.import	163	0	2d124f815e0e9c38d45d8f01e5cff45e
assets/audio/voices/pareo/expanded/celebrate_retry.mp3.import	162	0	a850c0c004f01bf19b7b387aaf67a24a
assets/audio/voices/pareo/expanded/event125-04-009.mp3.import	162	0	9e75c868c9fdf44d7e71e9de51dfd50d
assets/audio/voices/pareo/expanded/event125-04-032.mp3.import	161	0	7cc82d10725707a66a5d4aad834981a4
assets/audio/voices/pareo/expanded/skillRespond_034_1.mp3.import	165	0	61cc2967f014705e5e4c1ec9d628ed5a
assets/audio/voices/pareo/expanded/skillRespond_034_2.mp3.import	164	0	1447ff64c8527362e37c4b8aac1e2443
assets/audio/voices/pareo/expanded/skillRespond_034_3.mp3.import	165	0	7b1b89a502429b8008747c50d2bc3a45
assets/audio/voices/pareo/expanded/skillStart_034_1.mp3.import	163	0	c32e27566431d16bfacbf10dbd2cdb19
assets/audio/voices/pareo/expanded/skillStart_034_2.mp3.import	163	0	954fae4084559d4c0e804a706cfb7896
assets/audio/voices/pareo/expanded/skillStart_034_3.mp3.import	161	0	7234e80bc1c322b443f89bb75d4a5e8a
assets/audio/voices/pareo/expanded/start_jump.mp3.import	156	0	2c2dfb4518b424bac1ace96779c004ce
assets/audio/voices/pareo/expanded/start_land.mp3.import	157	0	e5b487752839d2c0aa5374343deca3bf
assets/audio/voices/pareo/expanded/start_select.mp3.import	159	0	100b44642f8428a3b459009a5c3a8829
assets/audio/voices/pareo/jump.mp3.import	151	0	14bee61683b004e1468a6b516e5be662
assets/audio/voices/pareo/land.mp3.import	151	0	e1caa79ea00c1311c59207fce28f8abe
assets/audio/voices/pareo/perfect.mp3.import	153	0	a7f97b8ae02e1399fec53d92cf226212
assets/audio/voices/pareo/retry.mp3.import	151	0	c54414b1142aa63bb733680e76011ad3
assets/audio/voices/pareo/select.mp3.import	153	0	df5c3482674af0f7bea945f66a8e183c
assets/audio/voices/ran/combo.mp3.import	151	0	9298da73d47ba28c7a26c52e698d5384
assets/audio/voices/ran/expanded/band2-002-054.mp3.import	160	0	135e53b2cfcd157616c821166e5a823e
assets/audio/voices/ran/expanded/band2-017-016.mp3.import	160	0	0a9764c49aa40756d9fc1f7a210e58cc
assets/audio/voices/ran/expanded/celebrate_combo.mp3.import	161	0	a9195e2db11183d458064dda13abc7a8
assets/audio/voices/ran/expanded/celebrate_perfect.mp3.import	164	0	644b3053ca26e3f72c8ad5f3825e6f35
assets/audio/voices/ran/expanded/celebrate_retry.mp3.import	161	0	ffbfcf370a8f33da70eb1917ebe06d07
assets/audio/voices/ran/expanded/skillRespond_006_1.mp3.import	165	0	09909cd185dffc51f5c6ed3d08c7cf4c
assets/audio/voices/ran/expanded/skillRespond_006_2.mp3.import	165	0	70c9794d02060f3da021d03d8eb5ca7f
assets/audio/voices/ran/expanded/skillRespond_006_3.mp3.import	165	0	15702fe9d8d2130712143320d1fd6d26
assets/audio/voices/ran/expanded/skillStart_006_1.mp3.import	163	0	44cfc03a81e1cc023c777d3127365222
assets/audio/voices/ran/expanded/skillStart_006_2.mp3.import	162	0	f238b631a3c673d6f86d687ee969043b
assets/audio/voices/ran/expanded/skillStart_006_3.mp3.import	163	0	f3f84978e0231e34c1cf9fcd8a7d0e79
assets/audio/voices/ran/expanded/start_jump.mp3.import	157	0	f0f232189e1195e48d9d8abf16d55572
assets/audio/voices/ran/expanded/start_land.mp3.import	157	0	33c87b42e26caa2ead5be3ffe29cf1a5
assets/audio/voices/ran/expanded/start_select.mp3.import	158	0	e920f501e80bf90006402f60efe2b212
assets/audio/voices/ran/jump.mp3.import	151	0	78803417abd5b828db3665ea4d1ea410
assets/audio/voices/ran/land.mp3.import	150	0	402961d3806fc595ca466e0d9262fcd2
assets/audio/voices/ran/perfect.mp3.import	154	0	07ed0bf3fd7b038ad59ab675d95bff50
assets/audio/voices/ran/retry.mp3.import	152	0	f2d99dd592f26e7f9c6a3a033e38a5ef
assets/audio/voices/ran/select.mp3.import	153	0	0edca3816a3158b1fbe1c2653518d43e
assets/audio/voices/rana/combo.mp3.import	151	0	4934549bb141586fe02c19532969083b
assets/audio/voices/rana/expanded/celebrate_combo.mp3.import	162	0	dcbc1d7bfb88071af134ff81460709cf
assets/audio/voices/rana/expanded/celebrate_perfect.mp3.import	164	0	9b8c62e57eef7af27e78bc9d9a927ee0
assets/audio/voices/rana/expanded/celebrate_retry.mp3.import	160	0	d0a30b84b54f619c1df38aca7902f56d
assets/audio/voices/rana/expanded/event235-16-053.mp3.import	161	0	735c3a077700c218f48e591b76e0c635
assets/audio/voices/rana/expanded/event235-16-064.mp3.import	162	0	d1c46517b0fe5b48279fbfc1d4212ab2
assets/audio/voices/rana/expanded/event235-20-054.mp3.import	161	0	a14a7a6febd18cc35944fd54bc4e71b3
assets/audio/voices/rana/expanded/event235-20-064.mp3.import	162	0	0af1e1f1e269e76dd0eea6ac9edb512e
assets/audio/voices/rana/expanded/event235-23-061.mp3.import	162	0	fad8870bc16bf12237f1a4ff1b99a996
assets/audio/voices/rana/expanded/skillRespond_038_1.mp3.import	164	0	19154dc488b3a0d3616df4fab0a6c814
assets/audio/voices/rana/expanded/skillRespond_038_2.mp3.import	165	0	4f4eacf05e71f02f09063169d0920e2d
assets/audio/voices/rana/expanded/skillRespond_038_3.mp3.import	165	0	c3dce18c2ae2e9e03ba8571a9cdfa429
assets/audio/voices/rana/expanded/skillStart_038_1.mp3.import	162	0	a05cbee7a6a37c1623dcfa10d7e489e5
assets/audio/voices/rana/expanded/skillStart_038_2.mp3.import	162	0	13ac12e9767be568dd24cbb939fd2775
assets/audio/voices/rana/expanded/skillStart_038_3.mp3.import	163	0	e7eb49f87c955e53151bab80f4e46842
assets/audio/voices/rana/expanded/start_jump.mp3.import	157	0	87bf3f662fb64607660bc599c36ddd8f
assets/audio/voices/rana/expanded/start_land.mp3.import	157	0	5fd91066f0398ff1871ed375191d7d2c
assets/audio/voices/rana/expanded/start_select.mp3.import	158	0	c23dc2c8b1f94e75b883c01b23a2b9a3
assets/audio/voices/rana/jump.mp3.import	151	0	74d80c0ccdaeab55020e40d3982f5550
assets/audio/voices/rana/land.mp3.import	150	0	a8dde5a512f33d18827e19065f618569
assets/audio/voices/rana/perfect.mp3.import	154	0	ecaf1c91250d6243a17d609da9877c52
assets/audio/voices/rana/retry.mp3.import	152	0	0d9e2810b199c56ffef84521ba31f3af
assets/audio/voices/rana/select.mp3.import	153	0	f0f1dc10764f813c35003d1bf01bc0e8
assets/audio/voices/rimi/combo.mp3.import	151	0	ecd81e5006075bde57f112be5eaa0cf0
assets/audio/voices/rimi/expanded/band1-001-024.mp3.import	160	0	f6dfc6939f8aafca944a214f58852dc7
assets/audio/voices/rimi/expanded/band1-009-056.mp3.import	159	0	3631808be7b403fbc13ef6426cd04aab
assets/audio/voices/rimi/expanded/celebrate_combo.mp3.import	162	0	3e5c01cbd84dcb3cc7e5362c8993cf37
assets/audio/voices/rimi/expanded/celebrate_perfect.mp3.import	164	0	4df54c0d3034b0c9afb5f3ca5edb32f9
assets/audio/voices/rimi/expanded/celebrate_retry.mp3.import	161	0	3bcd682525e30f49a7d359afa1ac10c3
assets/audio/voices/rimi/expanded/skillRespond_003_1.mp3.import	164	0	386246b7274dee2546404c27290e63d8
assets/audio/voices/rimi/expanded/skillRespond_003_2.mp3.import	165	0	cbdb2ae4a16c229dd24700ddc0d2985b
assets/audio/voices/rimi/expanded/skillRespond_003_3.mp3.import	165	0	c6f102232de46724b2c8c8c716a7b20d
assets/audio/voices/rimi/expanded/skillStart_003_1.mp3.import	163	0	8005f995aa27a048cc7892cd01e0583c
assets/audio/voices/rimi/expanded/skillStart_003_2.mp3.import	163	0	13437b590f3e7c1e6601ba49a660a427
assets/audio/voices/rimi/expanded/skillStart_003_3.mp3.import	163	0	8d05dc5678b8dcb4ea6be228ce81971c
assets/audio/voices/rimi/expanded/start_jump.mp3.import	156	0	1e9c6e035b894b5fe2fb91d5da1606f1
assets/audio/voices/rimi/expanded/start_land.mp3.import	157	0	bfac91f571f860d999da08207516f530
assets/audio/voices/rimi/expanded/start_select.mp3.import	159	0	b2197e70bc635fe33294effc9bc985fc
assets/audio/voices/rimi/jump.mp3.import	150	0	d20e5dcdbe0587327f5f751ec70a79e0
assets/audio/voices/rimi/land.mp3.import	151	0	1c4094804d48f3ee0393d02c362ddb7d
assets/audio/voices/rimi/perfect.mp3.import	154	0	006689dbe535149f4d5f094872477568
assets/audio/voices/rimi/retry.mp3.import	152	0	2f00370f8e762adbee95e8684e275867
assets/audio/voices/rimi/select.mp3.import	153	0	8e9e433c8e3b9e0e5d5f3381bb1355a0
assets/audio/voices/rinko/combo.mp3.import	152	0	f0eaef3833926bc4d8e69c7a62c26cd0
assets/audio/voices/rinko/expanded/band5-006-019.mp3.import	160	0	5a466e97302eb3bfb6684b2ac266eaa0
assets/audio/voices/rinko/expanded/celebrate_combo.mp3.import	161	0	569c4d4641114354421cfb66fd13977d
assets/audio/voices/rinko/expanded/celebrate_perfect.mp3.import	164	0	3f59524a40e166f692626084e9beec40
assets/audio/voices/rinko/expanded/celebrate_retry.mp3.import	161	0	c93c96a5fe8aa263282a08d6fa475eab
assets/audio/voices/rinko/expanded/event43-07-037.mp3.import	161	0	a0b3c1e4f7ed3581c135bd73b2e6a4c6
assets/audio/voices/rinko/expanded/skillRespond_025_1.mp3.import	165	0	7ceb13c0e7cdef2af45d5eb2eb672001
assets/audio/voices/rinko/expanded/skillRespond_025_2.mp3.import	165	0	16d146e2acf7974143f6dbd79c99feaa
assets/audio/voices/rinko/expanded/skillRespond_025_3.mp3.import	164	0	1a4bc53e5b7dbcede32d69ed5b6966b6
assets/audio/voices/rinko/expanded/skillStart_025_1.mp3.import	163	0	f5adc90488d3d57d274f2f2dc6a6f54a
assets/audio/voices/rinko/expanded/skillStart_025_2.mp3.import	163	0	0723aef393e86d40d4541be4bd3caa19
assets/audio/voices/rinko/expanded/skillStart_025_3.mp3.import	162	0	e2f7ddbe250ca4670b632f502d8e13d8
assets/audio/voices/rinko/expanded/start_jump.mp3.import	157	0	ec6e078b5325e8a0e04eeec98f85e03c
assets/audio/voices/rinko/expanded/start_land.mp3.import	157	0	1b16daf3e28507657e3bdb557ea13f3c
assets/audio/voices/rinko/expanded/start_select.mp3.import	159	0	25a2670207823baaf1b9946f1d85bd88
assets/audio/voices/rinko/jump.mp3.import	151	0	85912aa2f228200f7852070a0b484abb
assets/audio/voices/rinko/land.mp3.import	151	0	38925cc00f10ad411434b4d030155060
assets/audio/voices/rinko/perfect.mp3.import	153	0	d20267623d6ef0a0614674852d4b046a
assets/audio/voices/rinko/retry.mp3.import	151	0	97d33a18efa5a350fedbac7c050268f2
assets/audio/voices/rinko/select.mp3.import	153	0	9982f13c0832d9aed7fcc83ae4b0b26c
assets/audio/voices/rui/combo.mp3.import	152	0	202201bfece2b4ec5aee1a147c8b2d88
assets/audio/voices/rui/expanded/celebrate_combo.mp3.import	161	0	7b9867357f74b3b7c841cfad889988dc
assets/audio/voices/rui/expanded/celebrate_perfect.mp3.import	164	0	c41c849ea45a7e5b4f302c83e7888d51
assets/audio/voices/rui/expanded/celebrate_retry.mp3.import	161	0	66cd2483e7f7cfb0ca7e82123bca8205
assets/audio/voices/rui/expanded/event165-04-035.mp3.import	162	0	708f43c525c584f7295514332c23d729
assets/audio/voices/rui/expanded/skillRespond_030_1.mp3.import	165	0	0ecd5225412a8206bdcc0073d2e19da7
assets/audio/voices/rui/expanded/skillRespond_030_2.mp3.import	165	0	33353ebf49e7075c063cc4256db53604
assets/audio/voices/rui/expanded/skillRespond_030_3.mp3.import	165	0	c97b5b9de5c34dfd76a5c85f4c685285
assets/audio/voices/rui/expanded/skillStart_030_1.mp3.import	163	0	6dd6fa9d76d135c152de07c8250cbad5
assets/audio/voices/rui/expanded/skillStart_030_2.mp3.import	163	0	2478e44fd8f77250cafba6f0c3c208e5
assets/audio/voices/rui/expanded/skillStart_030_3.mp3.import	163	0	88eb6bce87fa1a85ff9cfb43a76528b0
assets/audio/voices/rui/expanded/start_jump.mp3.import	156	0	90bfacd6dfbbb6194f893b5db8276afa
assets/audio/voices/rui/expanded/start_land.mp3.import	156	0	70a27dbb8a07b568320ce61cd37f6fe0
assets/audio/voices/rui/expanded/start_select.mp3.import	158	0	9ea09fba21c808f5104aaa31229d7a09
assets/audio/voices/rui/jump.mp3.import	151	0	46f96b6f021aa7aef4ec7673ae905db0
assets/audio/voices/rui/land.mp3.import	151	0	0339be7847fc0005b4ef5f54e318e3ec
assets/audio/voices/rui/perfect.mp3.import	154	0	de26d8df664c2f171cfe66df8e40844f
assets/audio/voices/rui/retry.mp3.import	152	0	6d6325b97fba8fb52d4c693e08293394
assets/audio/voices/rui/select.mp3.import	152	0	6ed28992394893328aa662a046ddfbd4
assets/audio/voices/sakiko/expanded/local_0aea9663c2f1.mp3.import	165	0	d945a56dcf6535ff0943a770c46788ba
assets/audio/voices/sakiko/expanded/local_11d07efd5c52.mp3.import	165	0	62f1f38361d28bb820c456eecdbcad3f
assets/audio/voices/sakiko/expanded/local_1724beca1c77.mp3.import	165	0	df4d7e7df6d2af062979f0a882156a2f
assets/audio/voices/sakiko/expanded/local_27aa3edc5e44.mp3.import	165	0	1d90f63712060701c953bf82b1ab319a
assets/audio/voices/sakiko/expanded/local_30f84c1ed8b0.mp3.import	165	0	0f3178ccdfc5266d5292f1d74096cfa2
assets/audio/voices/sakiko/expanded/local_3d56d030b26e.mp3.import	165	0	34584576b0d0ebfe82760773cf95999b
assets/audio/voices/sakiko/expanded/local_43627688db99.mp3.import	165	0	88a050edf9f82fedd54a75799393f962
assets/audio/voices/sakiko/expanded/local_63f3675a2f34.mp3.import	165	0	27055c524a76e8594ae04f52f559c491
assets/audio/voices/sakiko/expanded/local_737b9f6faa68.mp3.import	165	0	f43913cc51108cb6a3dc768af1ade75d
assets/audio/voices/sakiko/expanded/local_7d809a1e6bee.mp3.import	165	0	128bae6f13b508b2fbb963bb7a4e26be
assets/audio/voices/sakiko/expanded/local_834943ffbbff.mp3.import	165	0	b0948f4bc1a932cddc711b57094eb2c7
assets/audio/voices/sakiko/expanded/local_87e7c7c7ec7c.mp3.import	165	0	172d39439232d16fb5c7242b42667547
assets/audio/voices/sakiko/expanded/local_95bfdc465138.mp3.import	165	0	bc60df89a5e499d7c9affeb0440c74a8
assets/audio/voices/sakiko/expanded/local_b9b7cd42a62c.mp3.import	165	0	f3c7ee3989765941a1e4f4592f8d9395
assets/audio/voices/sakiko/expanded/local_bddf83bb66ac.mp3.import	165	0	8f44324b888adbb120f5116f2c86d916
assets/audio/voices/sakiko/expanded/local_c8718c1c53b8.mp3.import	165	0	c669f4a90c838b3724a39b568dab1951
assets/audio/voices/sakiko/expanded/local_d4174736d133.mp3.import	165	0	6dd2aa4688ed5dcbf510bf5fa6da7519
assets/audio/voices/sakiko/expanded/local_dbcc24d6a519.mp3.import	165	0	78e4b174e140423ee3d3056ddad2979f
assets/audio/voices/saya/combo.mp3.import	152	0	190796a128aaf3c553e15f93e66b0282
assets/audio/voices/saya/expanded/band1-001-026.mp3.import	159	0	a574c3c7f188b5ef380154b0d0d7d8ed
assets/audio/voices/saya/expanded/band1-004-021.mp3.import	160	0	166ddeaecc960982ab90103f79d7887c
assets/audio/voices/saya/expanded/band1-010-036.mp3.import	160	0	3710456564ccffaae660695af66073bb
assets/audio/voices/saya/expanded/celebrate_combo.mp3.import	162	0	2c73dc9e1c6b6de21c8a5097e988f8c6
assets/audio/voices/saya/expanded/celebrate_perfect.mp3.import	163	0	ede8b5ec79f5376cf735cb819c0953b8
assets/audio/voices/saya/expanded/celebrate_retry.mp3.import	161	0	b6e7506267efdc6ba0bc69f9f76e87ec
assets/audio/voices/saya/expanded/skillRespond_004_1.mp3.import	164	0	e9637313d9d7cad7b88b25d77277da17
assets/audio/voices/saya/expanded/skillRespond_004_2.mp3.import	165	0	b6aa47eb44ff8002b43fcb752392a2d2
assets/audio/voices/saya/expanded/skillRespond_004_3.mp3.import	165	0	fa4777c147386c5ab2424c53fba509a2
assets/audio/voices/saya/expanded/skillStart_004_1.mp3.import	163	0	54bb18d6958ec73ade692316d4ff9c64
assets/audio/voices/saya/expanded/skillStart_004_2.mp3.import	163	0	a9b48ed4e32d39232aec60c926b25cd5
assets/audio/voices/saya/expanded/skillStart_004_3.mp3.import	162	0	2959681d18a5dc93c90a5966995d1ee3
assets/audio/voices/saya/expanded/start_jump.mp3.import	157	0	f90f097d5676e7f5055a441250a9fd28
assets/audio/voices/saya/expanded/start_land.mp3.import	157	0	3d6ac8c5a4fd49fe25430bd8c6595231
assets/audio/voices/saya/expanded/start_select.mp3.import	159	0	c14b222ccbde11e25e2781a1d5784b1b
assets/audio/voices/saya/jump.mp3.import	150	0	038ea33312525d5b47f3594e333639dc
assets/audio/voices/saya/land.mp3.import	150	0	6f582059764019add27d7c0bc312b47f
assets/audio/voices/saya/perfect.mp3.import	153	0	1473768359eb1930dce50b0decffe036
assets/audio/voices/saya/retry.mp3.import	151	0	79e4425db6f507135d3ef3f09d20edc3
assets/audio/voices/saya/select.mp3.import	153	0	0a50358f0b554c226626a7d74b95fa0d
assets/audio/voices/sayo/combo.mp3.import	152	0	0bc08d74daf94f725a34e00d3f9694b6
assets/audio/voices/sayo/expanded/band5-002-019.mp3.import	160	0	fae8da10a9144e911f7717b5ec959438
assets/audio/voices/sayo/expanded/celebrate_combo.mp3.import	162	0	51da7c44df585a4125161aa79ffa2396
assets/audio/voices/sayo/expanded/celebrate_perfect.mp3.import	164	0	e3f972bc1f668ebbc79afdbde2f62ae0
assets/audio/voices/sayo/expanded/celebrate_retry.mp3.import	161	0	e9f1f04c11d8e66b747dd72c5fae0e96
assets/audio/voices/sayo/expanded/skillRespond_022_1.mp3.import	165	0	1cae4a008df22f34e3b3618a1661aaaa
assets/audio/voices/sayo/expanded/skillRespond_022_2.mp3.import	164	0	df744fbfd34b9ad470b2ff402642fab8
assets/audio/voices/sayo/expanded/skillRespond_022_3.mp3.import	164	0	4a2c58f58d993b192b083a292630c62b
assets/audio/voices/sayo/expanded/skillStart_022_1.mp3.import	163	0	b459a1b4a7dccfc011578a7701974704
assets/audio/voices/sayo/expanded/skillStart_022_2.mp3.import	163	0	eb5ac5199cde85c68426c0f7b8ced03d
assets/audio/voices/sayo/expanded/skillStart_022_3.mp3.import	163	0	69a3b78f1c97222551464d9ae6429286
assets/audio/voices/sayo/expanded/start_jump.mp3.import	157	0	e7dee507dfc100d851d66c3cbabd55a6
assets/audio/voices/sayo/expanded/start_land.mp3.import	156	0	98e56f2c2c245d5f2f222c6aa57fd8ad
assets/audio/voices/sayo/expanded/start_select.mp3.import	159	0	84371b74f3eb650788e093b99a61b999
assets/audio/voices/sayo/jump.mp3.import	151	0	4155a8fa649d41687f2033d2516ed970
assets/audio/voices/sayo/land.mp3.import	150	0	ae4c985450387b972c9b4a563ea07a3c
assets/audio/voices/sayo/perfect.mp3.import	153	0	6e54c39028368056935166d0142d710e
assets/audio/voices/sayo/retry.mp3.import	152	0	acb2edb28e1f4877e2c0a6eca48f2faf
assets/audio/voices/sayo/select.mp3.import	153	0	2cf060470ea6ed030e9b164c03ab96de
assets/audio/voices/soyo/combo.mp3.import	152	0	c8eb441a272cf24ab1f17ecaece32964
assets/audio/voices/soyo/expanded/celebrate_combo.mp3.import	161	0	0af87eaf9d79cca50c36748cdd390156
assets/audio/voices/soyo/expanded/celebrate_perfect.mp3.import	164	0	44cb0820518b631e1976a8912151d83e
assets/audio/voices/soyo/expanded/celebrate_retry.mp3.import	161	0	e97fa4281dfce16b6c26900a6389b232
assets/audio/voices/soyo/expanded/event235-27-012.mp3.import	162	0	e601895148367576c6455e575a8abf4c
assets/audio/voices/soyo/expanded/event235-27-050.mp3.import	161	0	cfd04084280c662777afc23093ebb84c
assets/audio/voices/soyo/expanded/skillRespond_039_1.mp3.import	165	0	2b3669e7f1b1dde5bff8784224bc6250
assets/audio/voices/soyo/expanded/skillRespond_039_2.mp3.import	164	0	0d95e5614fceaeeb13d6c799ac76f33f
assets/audio/voices/soyo/expanded/skillRespond_039_3.mp3.import	165	0	528a71e2a189ee98cc6f589e4143cb8c
assets/audio/voices/soyo/expanded/skillStart_039_1.mp3.import	162	0	ed83b63b40e39d980b977d37b0bb6780
assets/audio/voices/soyo/expanded/skillStart_039_2.mp3.import	163	0	fc65736622b2705516110e7f8915920b
assets/audio/voices/soyo/expanded/skillStart_039_3.mp3.import	163	0	bce10706790d516cc531a1ac7ca0db30
assets/audio/voices/soyo/expanded/start_jump.mp3.import	157	0	c4ef8185a9c877d544b0bd30031c8454
assets/audio/voices/soyo/expanded/start_land.mp3.import	156	0	183f12dc10515b1392b431ca076ec933
assets/audio/voices/soyo/expanded/start_select.mp3.import	157	0	693366d3bea5099d9ddc39cd1b08e47d
assets/audio/voices/soyo/jump.mp3.import	151	0	272fa467ad5e2cbf5181dd6ec04e9ab9
assets/audio/voices/soyo/land.mp3.import	150	0	00970a79b686cc6fff6075ca156a77a6
assets/audio/voices/soyo/perfect.mp3.import	153	0	e7d9538a3da4d3c8ce61454997d6c7de
assets/audio/voices/soyo/retry.mp3.import	152	0	a994dd081c7cac2234f80b1880c10908
assets/audio/voices/soyo/select.mp3.import	153	0	73813fd9fd72bb7ba6a68474f95f057d
assets/audio/voices/tae/combo.mp3.import	152	0	5fa418be4b724b75eca85b48cf544f42
assets/audio/voices/tae/expanded/band1-008-006.mp3.import	160	0	4370c62dfa572b177cadc1d10e83b560
assets/audio/voices/tae/expanded/band6-12-039.mp3.import	159	0	20b22ae671dad8f7a4b4487db25330a0
assets/audio/voices/tae/expanded/celebrate_combo.mp3.import	162	0	897a62ff27c968d16a3f9c26b0dd1e09
assets/audio/voices/tae/expanded/celebrate_perfect.mp3.import	164	0	a6c9f70f6214b7b6fb6dec70f638feb8
assets/audio/voices/tae/expanded/celebrate_retry.mp3.import	162	0	8e61b786de1647a48849cec17e0892ed
assets/audio/voices/tae/expanded/skillRespond_002_1.mp3.import	164	0	43c482d98e769c4454c078a9db8d4b96
assets/audio/voices/tae/expanded/skillRespond_002_2.mp3.import	164	0	5092dfb2d81d8ce37dd196b4d64e382c
assets/audio/voices/tae/expanded/skillRespond_002_3.mp3.import	165	0	c21cd9f8f16d4151d132ae46c2b51ef3
assets/audio/voices/tae/expanded/skillStart_002_1.mp3.import	163	0	b8da413c72028563bfa39bd1d218d45e
assets/audio/voices/tae/expanded/skillStart_002_2.mp3.import	163	0	06e978102858fdb5c5468aba83b0907b
assets/audio/voices/tae/expanded/skillStart_002_3.mp3.import	163	0	525618d6ad3597efe8418908b68962f8
assets/audio/voices/tae/expanded/start_jump.mp3.import	157	0	e3234f212ba48a5eb0ca37dd9d1977ed
assets/audio/voices/tae/expanded/start_land.mp3.import	156	0	ea837274dfab12dad2d65bd08a8d5c16
assets/audio/voices/tae/expanded/start_select.mp3.import	159	0	3936ded259635790113ef85bbc372827
assets/audio/voices/tae/jump.mp3.import	150	0	4078cd682b5d31d02e1ecbf3520a00db
assets/audio/voices/tae/land.mp3.import	151	0	44fd40e5e99445b35de8eaf97c7a3e34
assets/audio/voices/tae/perfect.mp3.import	154	0	e6051f1e7e94b8e1421b9178fcd7998e
assets/audio/voices/tae/retry.mp3.import	152	0	0b0c1a427a70b80a129648b774844601
assets/audio/voices/tae/select.mp3.import	152	0	75a0e111f2717ecf869b17fb1f8cf70b
assets/audio/voices/taki/combo.mp3.import	152	0	097f2d33929be4911ec3ae41a3067938
assets/audio/voices/taki/expanded/celebrate_combo.mp3.import	162	0	836914c5d85f3fbc0e7ee62b4943e3c1
assets/audio/voices/taki/expanded/celebrate_perfect.mp3.import	164	0	b16cf729850c9b0d2300469576e0ff7c
assets/audio/voices/taki/expanded/celebrate_retry.mp3.import	161	0	4475645fc462b00f281ebcb83f4ab241
assets/audio/voices/taki/expanded/event235-04-052.mp3.import	161	0	3319d77ce1d1e6a011f8c31cac2ad158
assets/audio/voices/taki/expanded/event235-14-034.mp3.import	161	0	0cd07c29c4d61859ec3f3a53b86432f6
assets/audio/voices/taki/expanded/skillRespond_040_1.mp3.import	165	0	62af3f425bd5812bfc5c79a5f471b28a
assets/audio/voices/taki/expanded/skillRespond_040_2.mp3.import	165	0	1f2fd5c593ed9548aa1c6a3fb352af8f
assets/audio/voices/taki/expanded/skillRespond_040_3.mp3.import	165	0	70b42fcc14c631e7f491705570f4c6e6
assets/audio/voices/taki/expanded/skillStart_040_1.mp3.import	163	0	e2b4bc4615b9bd6cd175b03b2266376d
assets/audio/voices/taki/expanded/skillStart_040_2.mp3.import	162	0	2bd66c6626d2f856996bfe56e21a5def
assets/audio/voices/taki/expanded/skillStart_040_3.mp3.import	163	0	d354b2972eb957dc6714e4a8c1a697ff
assets/audio/voices/taki/expanded/start_jump.mp3.import	157	0	1f883759091dc41a4bf5efebcfffb1df
assets/audio/voices/taki/expanded/start_land.mp3.import	157	0	20fecf2e5f1b1324972c7f5e17a9ca93
assets/audio/voices/taki/expanded/start_select.mp3.import	159	0	29347dfc3231536302c49a0fd6adb327
assets/audio/voices/taki/jump.mp3.import	151	0	d1d73db75a185a575479bcbfbe628434
assets/audio/voices/taki/land.mp3.import	149	0	5f7ddf30ec7d477bdcf84dfc2f44f496
assets/audio/voices/taki/perfect.mp3.import	153	0	b6b73168d210aac2d2997539d80365c2
assets/audio/voices/taki/retry.mp3.import	152	0	f3ddbc7faad8dc55f23ed01abf3e11ed
assets/audio/voices/taki/select.mp3.import	153	0	76a1734d6b93156cc7b494135c74f62b
assets/audio/voices/toko/combo.mp3.import	151	0	442f341204758aa9642956cfcca5ac90
assets/audio/voices/toko/expanded/band6-07-043.mp3.import	159	0	596afb628572c2439631cf2850751e91
assets/audio/voices/toko/expanded/celebrate_combo.mp3.import	162	0	ac82f3c04f547b84b0fee2907fa6b77e
assets/audio/voices/toko/expanded/celebrate_perfect.mp3.import	164	0	946f7005d5e5fc58249968ff67533822
assets/audio/voices/toko/expanded/celebrate_retry.mp3.import	162	0	99b49f1bb8c23f192710fea67da2f396
assets/audio/voices/toko/expanded/event165-04-012.mp3.import	161	0	4cb0b81b71a2e9ffe6aafe77fdca6c13
assets/audio/voices/toko/expanded/skillRespond_027_1.mp3.import	165	0	34cc636996b31eb15f1c35b92d20bd0a
assets/audio/voices/toko/expanded/skillRespond_027_2.mp3.import	165	0	88c079bdd755781a5113b0b5b2f8452f
assets/audio/voices/toko/expanded/skillRespond_027_3.mp3.import	165	0	b9fcc825c3f357bca0577fcd26b9763f
assets/audio/voices/toko/expanded/skillStart_027_1.mp3.import	163	0	ada58d2fb6b151ce64924e325933d63e
assets/audio/voices/toko/expanded/skillStart_027_2.mp3.import	163	0	b6bd381363a18f4a8bf0881a94e57faf
assets/audio/voices/toko/expanded/skillStart_027_3.mp3.import	163	0	6ff640f263372cd14412b2f19629045a
assets/audio/voices/toko/expanded/start_jump.mp3.import	157	0	3948a8c1e12b340d4bcde441f9f4a378
assets/audio/voices/toko/expanded/start_land.mp3.import	157	0	63a0590bc15f0b901e2c07bbed354b5f
assets/audio/voices/toko/expanded/start_select.mp3.import	159	0	cf5a78f9934f6924b1160323ec396df7
assets/audio/voices/toko/jump.mp3.import	151	0	d579c8b55282b5aff0d97681988aa345
assets/audio/voices/toko/land.mp3.import	150	0	1748db5d0b94f67b48edb6aac2cdfc3a
assets/audio/voices/toko/perfect.mp3.import	154	0	0b6f2b820595c5423f17c0f19632aab5
assets/audio/voices/toko/retry.mp3.import	152	0	03aefa6b5e96577bebd266bc0a789212
assets/audio/voices/toko/select.mp3.import	153	0	f62da36b88ed28244aac2231ed81c866
assets/audio/voices/tomoe/combo.mp3.import	151	0	e1d617b412afed5efbcfb7247bc09798
assets/audio/voices/tomoe/expanded/band2-007-020.mp3.import	160	0	2dd16cfabb476317e2a8e60abf2a5e85
assets/audio/voices/tomoe/expanded/band2-009-051.mp3.import	160	0	e234a7bd52ae9fbac3aed6e756b127ce
assets/audio/voices/tomoe/expanded/celebrate_combo.mp3.import	161	0	89a431f361b3cd09a136080e034f5540
assets/audio/voices/tomoe/expanded/celebrate_perfect.mp3.import	164	0	589878192826deebe0f3a4ab5af5b00f
assets/audio/voices/tomoe/expanded/celebrate_retry.mp3.import	162	0	c383ed248cbde813385f97e2d332b605
assets/audio/voices/tomoe/expanded/skillRespond_009_1.mp3.import	165	0	faaa7aa00ed6ad396819d968e42ef2fc
assets/audio/voices/tomoe/expanded/skillRespond_009_2.mp3.import	165	0	1187a677d351e553fea6d63437bcc8ee
assets/audio/voices/tomoe/expanded/skillRespond_009_3.mp3.import	164	0	027df0d0272460c30b5f0fd83945269c
assets/audio/voices/tomoe/expanded/skillStart_009_1.mp3.import	163	0	7e95f8f7ce651ddc6f54956ebb2d2ffa
assets/audio/voices/tomoe/expanded/skillStart_009_2.mp3.import	163	0	ac2a4e39305e38cc8ede878ee04d8dfb
assets/audio/voices/tomoe/expanded/skillStart_009_3.mp3.import	163	0	a2f9b5e86384f783ce14e65444e758c2
assets/audio/voices/tomoe/expanded/start_jump.mp3.import	157	0	36882de45cd95c04a3e87f4fbbdc2cdb
assets/audio/voices/tomoe/expanded/start_land.mp3.import	157	0	e821f6dd929106db3aa9d0eb2981c9d2
assets/audio/voices/tomoe/expanded/start_select.mp3.import	159	0	ae1289ef3b7b584b0af630f19c29362f
assets/audio/voices/tomoe/jump.mp3.import	150	0	888544c4465df69e80cec2975a72ef8c
assets/audio/voices/tomoe/land.mp3.import	151	0	8682e4b5fb7f31097419b9cbfbb021ba
assets/audio/voices/tomoe/perfect.mp3.import	153	0	0d280630867c679cd825ff9497936b7d
assets/audio/voices/tomoe/retry.mp3.import	152	0	311c52e2d3aba64d97622515254f3b0b
assets/audio/voices/tomoe/select.mp3.import	153	0	c9cd89ee3a1f00bcca158cac40c338aa
assets/audio/voices/tomori/combo.mp3.import	150	0	ed38d572c0988daa63fde9170e4544df
assets/audio/voices/tomori/expanded/celebrate_combo.mp3.import	162	0	509e72e94dfd9abd4ca31734d7385e34
assets/audio/voices/tomori/expanded/celebrate_perfect.mp3.import	164	0	8a4cf5eb59349b4ee8aa4987c7bb95b2
assets/audio/voices/tomori/expanded/celebrate_retry.mp3.import	162	0	4af04d5c0bbfe28748a03523cae78b45
assets/audio/voices/tomori/expanded/event235-03-068.mp3.import	161	0	d9a8709d4fcdb42aa9435b6ccc4ea2ed
assets/audio/voices/tomori/expanded/event235-08-020.mp3.import	161	0	bc7383416f893ba9d205fca71515a52a
assets/audio/voices/tomori/expanded/skillRespond_036_1.mp3.import	165	0	c8948bca40870bcb60166ebb4274c0a1
assets/audio/voices/tomori/expanded/skillRespond_036_2.mp3.import	165	0	3f8f0f917bd4efbbb4fcfd8e6c469a4f
assets/audio/voices/tomori/expanded/skillRespond_036_3.mp3.import	165	0	76d4ca86ceba45b1d22cb463ff83d11e
assets/audio/voices/tomori/expanded/skillStart_036_1.mp3.import	163	0	28fb9b18ae3abb7bcaa8092ae65ae6c8
assets/audio/voices/tomori/expanded/skillStart_036_2.mp3.import	163	0	096c9a049808d61b2678c0c7c4886313
assets/audio/voices/tomori/expanded/skillStart_036_3.mp3.import	162	0	d197ddb5d0ac888f77eebe911bd4ecd8
assets/audio/voices/tomori/expanded/start_jump.mp3.import	156	0	aee9933b3f7904d1713ba85afae740d1
assets/audio/voices/tomori/expanded/start_land.mp3.import	157	0	db03614be4b9b990f16724a8a3dfdc7b
assets/audio/voices/tomori/expanded/start_select.mp3.import	159	0	f069e43d86c8e65a590aa5d514588cd9
assets/audio/voices/tomori/jump.mp3.import	150	0	df3aeffd91cadacf6ddd138a7c130af6
assets/audio/voices/tomori/land.mp3.import	151	0	517e283d5ed156091b7a50a3104c34d4
assets/audio/voices/tomori/perfect.mp3.import	154	0	bc995c7f6286233d5d92ab9207521e76
assets/audio/voices/tomori/retry.mp3.import	151	0	e093ef44835d85c071d98f1465e78b04
assets/audio/voices/tomori/select.mp3.import	153	0	cfcb622e161efa90c4ef3dfaed74a261
assets/audio/voices/tsugumi/combo.mp3.import	152	0	9a94f76aa9950be072f43c89a380f89f
assets/audio/voices/tsugumi/expanded/band2-005-040.mp3.import	160	0	51557f262ab90e1cff687f9633dc7d82
assets/audio/voices/tsugumi/expanded/celebrate_combo.mp3.import	162	0	d29545e3c9cc079a7e93b71d39466539
assets/audio/voices/tsugumi/expanded/celebrate_perfect.mp3.import	163	0	daf2468d5930eb9381de9524ae81b7db
assets/audio/voices/tsugumi/expanded/celebrate_retry.mp3.import	162	0	eb52c7311f6bb289325530fb9b83fb9d
assets/audio/voices/tsugumi/expanded/skillRespond_010_1.mp3.import	165	0	965d05523aa616343355cfdb648b53da
assets/audio/voices/tsugumi/expanded/skillRespond_010_2.mp3.import	165	0	39a2c359a9be78163141e83ead5bd082
assets/audio/voices/tsugumi/expanded/skillRespond_010_3.mp3.import	165	0	1810271959549949ec8539850036ffc7
assets/audio/voices/tsugumi/expanded/skillStart_010_1.mp3.import	163	0	02eb8548b96673efd00a3f47b27979ef
assets/audio/voices/tsugumi/expanded/skillStart_010_2.mp3.import	162	0	ccb3d3ef4b44f9d343d0f8b67bf4f749
assets/audio/voices/tsugumi/expanded/skillStart_010_3.mp3.import	162	0	71aa514b350e102cfd618a911a586007
assets/audio/voices/tsugumi/expanded/start_jump.mp3.import	157	0	c46f7ee57bcc73165b7268efd0f21014
assets/audio/voices/tsugumi/expanded/start_land.mp3.import	157	0	c101092b1c1e3516cc498af64fc618b9
assets/audio/voices/tsugumi/expanded/start_select.mp3.import	158	0	30f8fea11e73f19196827904564f7d31
assets/audio/voices/tsugumi/jump.mp3.import	151	0	b522de7dd7cff49c567aa9b464048c38
assets/audio/voices/tsugumi/land.mp3.import	151	0	65e8130356047d3c439c80a4efafad18
assets/audio/voices/tsugumi/perfect.mp3.import	154	0	76feab8b6cba6ce73cdf849eeb315f3c
assets/audio/voices/tsugumi/retry.mp3.import	151	0	51cfaa973ee9c08d183755105af89cfa
assets/audio/voices/tsugumi/select.mp3.import	153	0	a13e488b98c47ccd6997ee3f2fc41a09
assets/audio/voices/tsukushi/combo.mp3.import	152	0	5b7a9dac71ab0ac1bb96e3710c1aac7e
assets/audio/voices/tsukushi/expanded/band6-02-022.mp3.import	159	0	dd8783c1ab29b838eddf765cc8966c72
assets/audio/voices/tsukushi/expanded/celebrate_combo.mp3.import	161	0	cc366ecb95f9dfb142112dc3ded890ab
assets/audio/voices/tsukushi/expanded/celebrate_perfect.mp3.import	164	0	4b2640eb5b7c8b76006a5c3908140272
assets/audio/voices/tsukushi/expanded/celebrate_retry.mp3.import	162	0	2fbcc05b292d7b7fb3bb5b9b468789d3
assets/audio/voices/tsukushi/expanded/event165-01-057.mp3.import	162	0	ede7f8a95505be9fcff0cfee464be037
assets/audio/voices/tsukushi/expanded/skillRespond_029_1.mp3.import	165	0	0b5f8bc1f8c5b5cbe74786e9db12f2cb
assets/audio/voices/tsukushi/expanded/skillRespond_029_2.mp3.import	165	0	02c1d9c6dc1efec6bb0c60ab14188a56
assets/audio/voices/tsukushi/expanded/skillRespond_029_3.mp3.import	165	0	da568e5662ecee8b5a7f1e93d02f2e2a
assets/audio/voices/tsukushi/expanded/skillStart_029_1.mp3.import	163	0	622cf424eaa4df99aed1de831d1efd08
assets/audio/voices/tsukushi/expanded/skillStart_029_2.mp3.import	163	0	a01ee36a12fc12080632534e279e53fb
assets/audio/voices/tsukushi/expanded/skillStart_029_3.mp3.import	162	0	90564b73c8006bf5ebe33b3c887293f9
assets/audio/voices/tsukushi/expanded/start_jump.mp3.import	157	0	9d0262815299d4ccad19fe97e677428f
assets/audio/voices/tsukushi/expanded/start_land.mp3.import	156	0	35faee52b5e2f63f92fac929c168fbab
assets/audio/voices/tsukushi/expanded/start_select.mp3.import	159	0	b75556c9642ddf762e5d15dc2c5c5410
assets/audio/voices/tsukushi/jump.mp3.import	151	0	94689d67732030fc831e1a37d6e351bc
assets/audio/voices/tsukushi/land.mp3.import	151	0	8e89af4d8c1f634914309c18e74fa955
assets/audio/voices/tsukushi/perfect.mp3.import	154	0	4aae5aa5cb4dbf01550309c083dd52e1
assets/audio/voices/tsukushi/retry.mp3.import	152	0	406c2afaa3771e7eacb152d4a339310c
assets/audio/voices/tsukushi/select.mp3.import	153	0	d105c1293538322e31a0fe63616da22a
assets/audio/voices/uika/call.wav.import	151	0	b1094a57d181f5cd1d335492b762b0ba
assets/audio/voices/uika/combo.wav.import	152	0	68c331c18f74a1b59ff4eb456cf18ec8
assets/audio/voices/uika/expanded/local_044c9da6c9c6.mp3.import	165	0	c0b4fdb28ea303d319b90208b48787a7
assets/audio/voices/uika/expanded/local_26855f1cb058.mp3.import	165	0	cca4823697f3caf472b1b8f6fef0d8c0
assets/audio/voices/uika/expanded/local_2cbbb1ad3738.mp3.import	165	0	f4e43813afc3d07e4199a42396ac73d8
assets/audio/voices/uika/expanded/local_47fdf242155f.mp3.import	165	0	347a4d480a87297322cf6319339b2717
assets/audio/voices/uika/expanded/local_5da144a24152.mp3.import	165	0	96a1e8af782224be50b16f7ca737a52f
assets/audio/voices/uika/expanded/local_7171017e8578.mp3.import	165	0	c186be91e7ce2424617a0f80a699bc53
assets/audio/voices/uika/expanded/local_724874cd8f40.mp3.import	165	0	f21042d00a75c39688ae81b6db525a69
assets/audio/voices/uika/expanded/local_9bd6f3907ddd.mp3.import	165	0	b38f1e76a71f29897b866e775e588729
assets/audio/voices/uika/expanded/local_c654a2ee275c.mp3.import	165	0	ade1a96ce3dc3651bfaefd9a0418cb72
assets/audio/voices/uika/expanded/local_d42965de3324.mp3.import	164	0	c51bb8b9c83d472d7eb1bd166ef26806
assets/audio/voices/uika/expanded/local_e3407f7d6b48.mp3.import	165	0	ccbf1a7b455c5302ab24a99650683b24
assets/audio/voices/uika/expanded/local_ede91ff8490f.mp3.import	165	0	fa9505f8397ee860d2fc7555d47d83ad
assets/audio/voices/uika/expanded/local_f90e6229d218.mp3.import	165	0	106bfbd70f7d41bff99288cf349c9262
assets/audio/voices/uika/fail.wav.import	151	0	acc92ed49e62e8a6ab4dde064049f3de
assets/audio/voices/uika/jump.wav.import	151	0	725b888d15633c5932cdb594d30fb348
assets/audio/voices/uika/land.wav.import	151	0	d4120a3bea424b1c22d896e53006ad38
assets/audio/voices/uika/perfect.wav.import	154	0	cf68ad7d55e9ee8adf3f377cbc1d0200
assets/audio/voices/uika/retry.wav.import	151	0	92a03f58a915a499a1bd0cf81636a5ab
assets/audio/voices/uika/select.wav.import	153	0	4137550a8e6528aa39411bed0a620976
assets/audio/voices/umiri/combo.wav.import	152	0	6b3fe77170d3f58b638e729ad0011f76
assets/audio/voices/umiri/expanded/local_03d03d841360.mp3.import	165	0	e1fd7351d98b5cae75bf61508de47873
assets/audio/voices/umiri/expanded/local_4c92eb7142d3.mp3.import	165	0	b37970d059db7211aac7e17e421ebe58
assets/audio/voices/umiri/expanded/local_58a16fb40bea.mp3.import	164	0	4d1816c0087590a9a0fdac615ade91c7
assets/audio/voices/umiri/expanded/local_696bc07a00e4.mp3.import	165	0	a5389a4a35caadd82310e3f064d4f229
assets/audio/voices/umiri/expanded/local_7c26b6ca1e2e.mp3.import	165	0	87407e3413709433d0a26e8555d25750
assets/audio/voices/umiri/expanded/local_8dcb4a217306.mp3.import	165	0	e7b5e2a4c8eda10bc417a7f31714875c
assets/audio/voices/umiri/expanded/local_9c2e10edc4a8.mp3.import	165	0	6bd713444291be9d85e049e84e17ae98
assets/audio/voices/umiri/expanded/local_c999ff472cc5.mp3.import	164	0	0d10fc2022a155a53485c132b0670fcc
assets/audio/voices/umiri/expanded/local_daedb0354e66.mp3.import	165	0	b7181be5104b8f17fadd75e139109e35
assets/audio/voices/umiri/expanded/local_e0a2e783e061.mp3.import	165	0	dcb94f53671072b8e3a0e70eb1d5fd5e
assets/audio/voices/umiri/expanded/local_eff3807260c6.mp3.import	165	0	009a0810322d1e537ef9301171e7902f
assets/audio/voices/umiri/expanded/local_f6a4cf39da7c.mp3.import	164	0	457b9b1b66c7ea5b664f0ff12c83814b
assets/audio/voices/umiri/expanded/local_f7efe87928e1.mp3.import	165	0	904772285c87764bac0ef504d5519228
assets/audio/voices/umiri/fail.wav.import	150	0	313f6bed6d3304b745c541ff8df6d6c9
assets/audio/voices/umiri/jump.wav.import	151	0	ed741a948e85405bc15873d0b18704ff
assets/audio/voices/umiri/land.wav.import	151	0	ce2fdafd1b499f9b5799c327b15f4b60
assets/audio/voices/umiri/perfect.wav.import	154	0	28974b1a6dd7db2e4dade1e8188b65a1
assets/audio/voices/umiri/retry.wav.import	152	0	4f2dfbb11a7476c711c20281fff8f9ec
assets/audio/voices/umiri/select.wav.import	153	0	66ee543aba890bc87a0d39c6c38de91e
assets/audio/voices/yukina/combo.mp3.import	151	0	834c5533629e249860fcca41c0a00ad7
assets/audio/voices/yukina/expanded/band5-005-033.mp3.import	160	0	58cf6fab32ed7669a20cbca4b5fa6c64
assets/audio/voices/yukina/expanded/celebrate_combo.mp3.import	162	0	bb30332ee1c07e917c32c0617aff0f91
assets/audio/voices/yukina/expanded/celebrate_perfect.mp3.import	164	0	19641ecaa484c9b0164382d018ffee85
assets/audio/voices/yukina/expanded/celebrate_retry.mp3.import	161	0	e4fe418944473be3628cd4d3e0000969
assets/audio/voices/yukina/expanded/event43-04-004.mp3.import	161	0	9a6a798ee6bfa5e6ae9653b7a627858f
assets/audio/voices/yukina/expanded/event43-06-012.mp3.import	161	0	1b836868c8b0956d4a4b338f22f2355e
assets/audio/voices/yukina/expanded/skillRespond_021_1.mp3.import	165	0	e14366411049888186a9beabcfaa4886
assets/audio/voices/yukina/expanded/skillRespond_021_2.mp3.import	165	0	00b329aad3b37c15e02783766b5729a7
assets/audio/voices/yukina/expanded/skillRespond_021_3.mp3.import	165	0	7640e13d26ad06b8b4da79c0ebda6b26
assets/audio/voices/yukina/expanded/skillStart_021_1.mp3.import	163	0	262363781148cc7a39f6721d66128eba
assets/audio/voices/yukina/expanded/skillStart_021_2.mp3.import	162	0	2b5c8a756c2fa692fe2a62e576972c4f
assets/audio/voices/yukina/expanded/skillStart_021_3.mp3.import	163	0	25f541e71bcf31922a27c6a60043a5fc
assets/audio/voices/yukina/expanded/start_jump.mp3.import	157	0	361b0f8599caea75269b2129ea590f22
assets/audio/voices/yukina/expanded/start_land.mp3.import	157	0	f7150dff7ee385795374b6b96a1a0b31
assets/audio/voices/yukina/expanded/start_select.mp3.import	158	0	ae961f197bd100c87f1c5ac39d7144b7
assets/audio/voices/yukina/jump.mp3.import	151	0	4d6d0ea7bf584b3efce76e7335266b12
assets/audio/voices/yukina/land.mp3.import	151	0	2a3bfa07c3f595b18b2e224537d18a44
assets/audio/voices/yukina/perfect.mp3.import	154	0	6c786df4fd0d7f063220cbb0c8499c1f
assets/audio/voices/yukina/retry.mp3.import	151	0	e49a8252e26620f6ad8276743f52ab57
assets/audio/voices/yukina/select.mp3.import	153	0	9c97384703cf04b5db30c333c01e4336
assets/char_icons/avatar_Ako.png.import	199	0	5b1f1274ee1af8c4323378eb64cffc5e
assets/char_icons/avatar_Anon.png.import	200	0	3078eac3cbd2b0ab6260a55a1d4eaa67
assets/char_icons/avatar_Arare.png.import	201	0	3a5585856d19e010152830dde2c32652
assets/char_icons/avatar_Arisa.png.import	201	0	080dfba5225af1b0add9a0b5feedcaba
assets/char_icons/avatar_Aya.png.import	199	0	248550046bc949c4dd0f268882956841
assets/char_icons/avatar_Chisato.png.import	202	0	f574b1829fc6206bba5e76d379d0d104
assets/char_icons/avatar_Chuchu.png.import	202	0	d8cb52b64d49708cb54d3691bd663444
assets/char_icons/avatar_Eve.png.import	199	0	43facbf84b75771c2a9750c364238593
assets/char_icons/avatar_Hagumi.png.import	202	0	783c6085dd03c91bc6d376e0242a5033
assets/char_icons/avatar_Himari.png.import	201	0	9d44ebefe922966adcfda68285b7b510
assets/char_icons/avatar_Hina.png.import	200	0	70e6035f1df52a23df9d89fc86c3452b
assets/char_icons/avatar_Kanon.png.import	201	0	e359426166c060b2dcc5cd4ccb6e14de
assets/char_icons/avatar_Kaoru.png.import	200	0	021a80047e68e057fc318d86a651f6f9
assets/char_icons/avatar_Kasumi.png.import	202	0	b3bbd9c7610b365799b2234140d5ded6
assets/char_icons/avatar_Kokoro.png.import	202	0	2b5e72c171f916e7f444eff817bcd1af
assets/char_icons/avatar_Layer.png.import	201	0	f8d5a23d4bb951e3fd04c4e47db62110
assets/char_icons/avatar_Lisa.png.import	200	0	b2a40d680180c11016c55b40d9c7aaa2
assets/char_icons/avatar_Lock.png.import	199	0	0d92bbbad1f09551f3fcaa8c4ed822a2
assets/char_icons/avatar_Mashiro.png.import	202	0	ff0848bee08c4eff9154dba62b822263
assets/char_icons/avatar_Masking.png.import	202	0	e34ddf9044594ce1dbf3bc6e4770b9dc
assets/char_icons/avatar_Maya.png.import	200	0	38f6ffa2d0fcd3c6b6257a51b1185626
assets/char_icons/avatar_Michelle.png.import	203	0	7491ef247563252ff452b2c5751a3891
assets/char_icons/avatar_Misaki.png.import	201	0	2687a146622a42f0fbfc9faeb6f6c3e8
assets/char_icons/avatar_Miyako.png.import	201	0	3a47d664ea95d94a88afeee0919a77b7
assets/char_icons/avatar_Moca.png.import	199	0	0ea44756a20ff80061805dfb83c18d4e
assets/char_icons/avatar_Mutsumi.png.import	203	0	39dc829c9432475207b5cb1c0c7853f6
assets/char_icons/avatar_Nanami.png.import	202	0	c91a6ef1d562e5f368180437adcc5243
assets/char_icons/avatar_Nonoka.png.import	202	0	42c581951184becf7c41e75c74528671
assets/char_icons/avatar_Nyamu.png.import	201	0	e480cd4ef7730e11802fee1e37d935f2
assets/char_icons/avatar_Pareo.png.import	201	0	3848b7e116fd85994f98307058764334
assets/char_icons/avatar_Ran.png.import	199	0	7b36bcfacfac3002011c4940a5c17dee
assets/char_icons/avatar_Rana.png.import	200	0	8547999e824e5ed2b4393013f9f1e526
assets/char_icons/avatar_Rimi.png.import	200	0	568e221e2cd24d3161bd23ac8316d597
assets/char_icons/avatar_Rinko.png.import	201	0	ceb4cac8a353f90edf8e9c01f024bad2
assets/char_icons/avatar_Ritsu.png.import	200	0	c677dd00f8a883e0786adbd5512f6bdd
assets/char_icons/avatar_Rui.png.import	199	0	b13141e2318bd12fad0671815cedaa04
assets/char_icons/avatar_Sakiko1.png.import	203	0	add8709e7c5e11d63418dd9b99cc978a
assets/char_icons/avatar_Saya.png.import	200	0	987dc1ae1294c9f58e0b374341868b06
assets/char_icons/avatar_Sayo.png.import	200	0	a2c6dab6b4f2a6c8de2bcd508098553c
assets/char_icons/avatar_Soyo.png.import	200	0	fbbc45aadd8e915b22e2fe651e1f01ac
assets/char_icons/avatar_Tae.png.import	198	0	fe6c49bebcb3d18415d3e9623b5df58e
assets/char_icons/avatar_Taki.png.import	199	0	6442799c26abe5fdc80c52e11b3663e2
assets/char_icons/avatar_Toko.png.import	200	0	97506202907dc6ffc38de56aaa386249
assets/char_icons/avatar_Tomoe.png.import	201	0	3f8a5b2be20684817cd9c4945ff50fa5
assets/char_icons/avatar_Tomori.png.import	202	0	f73c95ea38b2d803fd9b09ccf8887085
assets/char_icons/avatar_Tsugumi.png.import	202	0	5804aeb17d3a769025a9c9e38d11d1c0
assets/char_icons/avatar_Tsukushi.png.import	204	0	a8934f19e67f5a6026d6dbef37a0a42a
assets/char_icons/avatar_Uika.png.import	199	0	dbbffc62561c1ac4db1083fc0a40d85e
assets/char_icons/avatar_Umiri.png.import	201	0	ab040f4077b467d67f1e2c6160921080
assets/char_icons/avatar_Yukina.png.import	202	0	cf7b50e18f7bf39794043fb725fc53e5
assets/char_icons/avatar_Yuno.png.import	200	0	748d457df02d853a10e2d6df014818a7
assets/char_icons/band_mygo.svg.import	198	0	f047d31eb4fed741908c9ffd329635e5
assets/char_icons/icon_0.png.import	194	0	615f8843a812095470a5285688b94e54
assets/char_icons/icon_1.png.import	194	0	1646face342a05832a870bf948b3f308
assets/char_icons/icon_2.png.import	195	0	ade2e8f4bc1ad569b3d0a48fe0405d2b
assets/char_icons/icon_3.png.import	195	0	db2e894b50d99e107a6f169b5544935c
assets/char_icons/icon_4.png.import	195	0	04f1168782c71cd55b75cd2cef1b9b8b
assets/char_vault/high/Anon.bin	1332364	0	c69453002907549b4d08a91db1d460ca
assets/char_vault/high/Mutsumi.bin	493676	0	783aa0b75503e7248adef19bd5b2bd9d
assets/char_vault/high/MutsumiLight.bin	1848812	0	4f0b32c633384a422064f9dc6e913128
assets/char_vault/high/MutsumiStage.bin	1340652	0	b3626a72fa9388dce0d58641f4ad13eb
assets/char_vault/high/Nyamu.bin	1786380	0	b6b8be6d0dff7e16f73a238eebe44a43
assets/char_vault/high/Rana.bin	1902268	0	1ead8fe9f98e5a9bd8f503b8ff740cc9
assets/char_vault/high/Sakiko1.bin	1335420	0	4cb7b1d656d144f88b15e9b55b5bfe0d
assets/char_vault/high/Soyo.bin	1301676	0	9e9cef48d039318046f70846dcbe88a4
assets/char_vault/high/Taki.bin	1269468	0	050d0ab1d54554a1e20bb934c5e1b3a1
assets/char_vault/high/Tomori.bin	1274076	0	f92f60eab24561ed3873aecd6b2ac6b4
assets/char_vault/high/Uika.bin	1271100	0	fa6f6321416fbc496f77611e56b8a0ee
assets/char_vault/high/Umiri.bin	1270428	0	14f508feb8eef51f6bb50d1f60ab7124
assets/concert/audience-day-landscape.jpg.import	210	0	764e694f2928afbec2c33fb7a8118e7b
assets/concert/audience-day-portrait.jpg.import	210	0	c2a68488df4b329ec3507b2e2dbc836c
assets/concert/audience-landscape.jpg.import	207	0	11c985079a698c9214b850330d52cf1f
assets/concert/audience-night-landscape.jpg.import	213	0	648b9770616412653ef76059ed62a081
assets/concert/audience-night-portrait.jpg.import	211	0	cf292ec367471ada5d6cf7c3404c86f6
assets/concert/audience-portrait.jpg.import	206	0	854e678163298716adc98d4e6f5d83b7
assets/fonts/zcool-kuaile.ttf.import	168	0	8f4d7fa571fcd1a1ef33e09a1f7d0a08
assets/fx/effects-commonefftex01.png.import	210	0	e1b0998eb4c2668cac1757f67cadc7ae
assets/fx/effects-commonefftex02.png.import	211	0	718cecf0c99279511c3bc0c9231d462e
assets/fx/effects-effect-circle.png.import	210	0	c9d4c90ba79259d32108512e1a63d228
assets/fx/effects-light.png.import	200	0	4b3a98b1ef7b869ceef2490e8bebf403
assets/fx/effects-tex-parset-1.png.import	209	0	3904d151bc442053112ecad154bc6642
assets/fx/effects-tex-parset-2.png.import	208	0	428170ab7d358b2dfda8d2dd69d59771
assets/fx/icons-star.png.import	199	0	1ab59c316a5666a5133465cf461a3752
assets/fx/items-boostdrink-1.png.import	207	0	663106f7709375a73e94cb5359646cda
assets/fx/items-boostdrink-2.png.import	207	0	3ba8162c50a14ca7c73ab6c475b7ddc6
assets/fx/items-boostdrink-3.png.import	207	0	c103e9defcd5cefad0e9af159f5b1a1a
assets/fx/items-coin.png.import	199	0	f663ce8aa9949ae7af0bb60c6710dba2
assets/fx/items-icon-eventbadge-blue.png.import	215	0	d24d872c0a70b08acfc67f97fa4a76ad
assets/fx/items-icon-eventbadge-green.png.import	216	0	5262abf181e6460771149b2d01c71dc1
assets/fx/items-icon-eventbadge-red.png.import	214	0	b6519c42ffa70d751b7affddf2aad390
assets/fx/items-live-point.png.import	205	0	a1bfde13590f0bc50ac87f6fa1a4be79
assets/fx/items-liveboost.png.import	204	0	c45c4ff34618651bf840e1d32ac9c04c
assets/fx/items-practiceticket1.png.import	210	0	85bd4da048c5ef39a07bd8bd6400615c
assets/fx/items-practiceticket2.png.import	210	0	00351c4d0c5ce5d5a39c4feaa97fceb0
assets/fx/items-practiceticket3.png.import	210	0	c026140eae87defa16dc5db788984643
assets/fx/items-skillticket-5.png.import	208	0	7b4a7424e400634945f51e20c6e6e8c7
assets/fx/items-star-seal.png.import	204	0	ebc2d5de4ec68161d512928f3532d9ec
assets/fx/items-star.png.import	199	0	03a1eb552b4d1fa5b6dfe93450f4153a
assets/fx/pins-deco-pins000001.png.import	208	0	3dcb7d1eff2df4fabfee8f9b87dee343
assets/fx/pins-deco-pins000002.png.import	209	0	80693cad05b681853f7992ee1ec59e71
assets/fx/pins-deco-pins000003.png.import	209	0	c96e1e75b0ba69bc9fcd957f029ed205
assets/fx/pins-deco-pins000004.png.import	209	0	b4f04b4ac8bbef152e61aa9381b66632
assets/fx/pins-deco-pins000005.png.import	209	0	a161349f46f7c4303dc280df684e665a
assets/fx/pins-deco-pins000006.png.import	209	0	67152d622d19e442a5a8cd5cd0796d5b
assets/fx/pins-deco-pins000007.png.import	209	0	9a8dae597e49a6f9eb7125ad4cad1f09
assets/fx/pins-deco-pins000008.png.import	209	0	b303dd12ec4b8edb025f87cd88784906
assets/fx/pins-deco-pins000009.png.import	208	0	ff4dbae0e75af16072cd01a717b0a3cd
assets/fx/pins-deco-pins000010.png.import	209	0	78e28ea08e1cbf85ce728f7907ac4a12
assets/fx/pins-deco-pins000011.png.import	208	0	48ac0db5b1bdb1a044e001a36c2bb012
assets/fx/pins-deco-pins000012.png.import	208	0	b2f204dbc4bdc8f0191a846d6e615aa2
assets/fx/pins-deco-pins000013.png.import	209	0	6dce5a5b4171b352a2c9d329f0f22324
assets/fx/pins-deco-pins000014.png.import	209	0	ee18560988bb294934c6fa1f31c3cea3
assets/fx/pins-deco-pins000015.png.import	209	0	dcfe6598699de4fd2c0c81754de4ce0f
assets/fx/pins-deco-pins000016.png.import	209	0	e5eb9c6cb7b7ca68f2ff027737c79880
assets/fx/ui-assets-star-forassetbundle-asneeded-ui-lb-lbballoonatlas.png.import	248	0	6fe4f6d9bd4a38b3448cf2cdc6d6a71c
assets/ui_art/judge-atlas.png.import	200	0	28c51d846ba7e02e515b3ea9a7577caf
assets/ui_art/mujica-logo.png.import	200	0	d6b33d3918563cccf81a2e420d33ba98
assets/ui_art/mygo-band-bg.png.import	201	0	a514cd214a64ee3cf50179bd071e308b
assets/ui_art/mygo-logo.png.import	197	0	2a5bab9f75932db55e09c4f5e982c981
assets/ui_art/stamps/stamp_036001.png.import	201	0	b0adbf22e972a3d255c7888c6407a981
assets/ui_art/stamps/stamp_036002.png.import	201	0	d834dc1304f025e6894678528b84b522
assets/ui_art/stamps/stamp_037001.png.import	201	0	a3419fe20aa136d41b7802b863b8e8fd
assets/ui_art/stamps/stamp_037002.png.import	200	0	1315f407a5e718616ea6f03271763799
assets/ui_art/stamps/stamp_038001.png.import	201	0	bbc026b9a4b7d6c582fe98c0a7b7cafc
assets/ui_art/stamps/stamp_038002.png.import	201	0	db41971b0181bffd3bfd0c7d842601be
assets/ui_art/stamps/stamp_039001.png.import	201	0	f208927ea5d8da6afef40b2787add796
assets/ui_art/stamps/stamp_040001.png.import	200	0	c4fa9e7dba92a11f246e8078ff470ba1
assets/ui_art/stamps/stamp_040003.png.import	201	0	b5978470f909a7b00395620b487ce8cd
audio/sakiko/combo.mp3.import	151	0	8f439df99f26b1fa8d93c6fc8b41ad8c
audio/sakiko/fail.wav.import	151	0	14ec8407c15df10665c9af112d6ad6d3
audio/sakiko/jump.wav.import	151	0	e5688dac02137595e127c92918e789d7
audio/sakiko/land.wav.import	151	0	cf188824865e196db3c7f94d52ec261c
audio/sakiko/perfect.mp3.import	154	0	416f8ae9c686e02fe538b62639b25e26
audio/sakiko/retry.wav.import	152	0	8594d19b95c4efad181dd21ba004a755
audio/sakiko/select.wav.import	151	0	9f06d1cd6e67404d60c70ddea5aca052
icon.png	656888	0	0497dc3ca2f7ae386d50f674251a3a53
icon.png.import	193	0	240b577e1a623725683fa316c798bb88
icon.svg.import	192	0	c5f34845684c44c1ab064e7bf145c736
icons/adaptive_bg.png.import	200	0	5f4f8c2f11063f9f5c39df7ab3a76dbe
icons/adaptive_fg.png.import	200	0	27ffc66a1fe765c5a4611e8084527d29
icons/icon_192.png.import	197	0	2d6f11f1a84a78ee2b9fa5024331fbcd
keys/release.crt	1094	0	ce53e9867bf6b97810dceabf7191af01
keys/release.key	1679	0	1f011b9b9220c7e099ce18778567ed2d
materials/characters/anime_default.tres.remap	106	0	7d389ee42accd8e955df01230c4689e5
materials/characters/cartoon_reference.tres.remap	110	0	6bb5cf258a5dc78e9d78142de0ee3d1c
project.binary	945	0	84c27e45fb98688914d71628b1b8b880
scenes/game.tscn.remap	97	0	4f67f40ca061b163cffe580b30378f49
scenes/rhythm_jump.tscn.remap	104	0	89fe57520c9141d001ee95c2dc033f96
scripts/audio_mixer.gd.remap	46	0	fe0d611b159702434490b2a34787d6c9
scripts/audio_mixer.gdc	1736	0	740c3f9397f3fe4d2d5ba74a1fda5c71
scripts/bgm.gd.remap	38	0	51fc7d0c9c653d2f1bef4dbba5672ce9
scripts/bgm.gdc	2769	0	18ac378c7ab83f0a2a64a5e5e4d39097
scripts/character_material_payload.gd.remap	61	0	ee7ccbc16139cd0dc6c7496d17902900
scripts/character_material_payload.gdc	3130	0	0a534d4aeb48bb4831f23e535bb8e723
scripts/character_materials.gd.remap	54	0	bcb4b787c2f89ce6893b1134eac14080
scripts/character_materials.gdc	5034	0	0fbb0ac5d5b841f431293a31766a204c
scripts/character_selector.gd.remap	53	0	84c641dfd9daa3e04a43bc0ff8845474
scripts/character_selector.gdc	40889	0	4b2b4189b9f66162f91caa9f89df5e39
scripts/character_sticker.gd.remap	52	0	50c9be235cf0b1befc117b66b14b28d4
scripts/character_sticker.gdc	7576	0	59ef6fabefc5eb49ac7b4170264635a0
scripts/character_vault.gd.remap	50	0	787bb5459224f954a60426257e5b086c
scripts/character_vault.gdc	4043	0	1fe4efddfecda8d7151d1df78ebbaf73
scripts/character_voice.gd.remap	50	0	19cd7bb891dca7c0c09242af88b5e9d3
scripts/character_voice.gdc	8399	0	ad061d61773f4abbc6683f3870911b65
scripts/concert_stage.gd.remap	48	0	b68ef4b66b4ee6434d9b3a06c682e7f5
scripts/concert_stage.gdc	13466	0	798fb363b052af919a50a9cc22d410c4
scripts/desktop_shell.gd.remap	48	0	04f338bda90bb8444c094245acd6272e
scripts/desktop_shell.gdc	2049	0	74fb07f2efdb7eb68729f57ae74dfe5d
scripts/fan_art.gd.remap	42	0	ef95fa773a9253d73d7bba9654c18794
scripts/fan_art.gdc	1563	0	ca6efa54809fdc8e368c8843eeba8679
scripts/fps_setting.gd.remap	46	0	71acfa322207ac6ef4bafcd1b6a78efb
scripts/fps_setting.gdc	1105	0	2c1f1ea644121f966fa4160086465c39
scripts/fx_layer.gd.remap	43	0	cfc6cfe8a77c2bc47afeabfe3686b2c6
scripts/fx_layer.gdc	19001	0	1476895fb1381b958477c4a93606a12a
scripts/game.gd.remap	39	0	d09d7499784225fd170969c0c7fc2cff
scripts/game.gdc	72124	0	290867bbf8188493ad0444248f4bf410
scripts/jump_hud.gd.remap	43	0	9f9bfbd3794171ad52c6f4356a400696
scripts/jump_hud.gdc	36354	0	ec3ed2ca84400c11dc9888c099b766c2
scripts/official_site.gd.remap	48	0	feb68550388681e62e02d5dec1237beb
scripts/official_site.gdc	460	0	a3c06defbb65c17f3a5da4378fa45e61
scripts/outline_post.gd.remap	47	0	7ecf1080620bfac01aeaa18a091cd213
scripts/outline_post.gdc	1736	0	0e6d44017e00c0f91f1e70894e450887
scripts/path_choice.gd.remap	46	0	b2edf7ed5d7ae93b0283e332a3bee711
scripts/path_choice.gdc	8066	0	373affd99355701e2f2dba60a101728f
scripts/performance_setting.gd.remap	54	0	62b1bb2987d662858c6b59d3c2125eba
scripts/performance_setting.gdc	1710	0	688e68d75fad70cd32cf5bf8ed5de076
scripts/platform_art.gd.remap	47	0	06e9af6fe904474d80ea92a3cd84a368
scripts/platform_art.gdc	3391	0	d1cc52cd4d87a0aee6fa68c1c6547763
scripts/post_process.gd.remap	47	0	0e13c320972b638f75679d1a7157a3d3
scripts/post_process.gdc	1104	0	b89ae93d515920de99713d178e6d30b3
scripts/rhythm_jump.gd.remap	46	0	2057f64bf554f26567916b671c041eb2
scripts/rhythm_jump.gdc	12038	0	911d397397d6474ca5666c89b6553ea7
scripts/silhouette_frame.gd.remap	51	0	861675b85828f6781b248f67726956ca
scripts/silhouette_frame.gdc	1331	0	2cec7ffd8e8124cfde995ba4c7bbee75
scripts/soft_button.gd.remap	46	0	88cfb181fe748694197bfd085c541e68
scripts/soft_button.gdc	3223	0	94104888824f94369adb7c9fb146b05d
scripts/sound_effects.gd.remap	48	0	0c851537d524cd2e5e4c35e3aee366df
scripts/sound_effects.gdc	2202	0	99caed3840d9656eb6d7ee870b3cfb34
scripts/toon_setup.gd.remap	45	0	31cd86babbf3b5fb29db789888ddd694
scripts/toon_setup.gdc	6125	0	7642c72ac53b264abf9bc3372cc53509
scripts/ui_skin.gd.remap	42	0	70b46ce062a48e67000228eb77f8fa3d
scripts/ui_skin.gdc	4548	0	021b69d3866e7ded65f08ac6e9c8d9a0
scripts/voice_variants.gd.remap	49	0	53902f47c93033ab67e9f9d329f1f1d2
scripts/voice_variants.gdc	25090	0	844639cf6899e93f3f41cd1aa56f2df8
shaders/blob_shadow.gdshader	720	0	ffbb8a56f3e77fd88614251b7ff2f91f
shaders/character_anime.gdshader	9979	0	69bca838245499656a7c49a7ced4a555
shaders/character_sticker.gdshader	4646	0	9afcf9b3b5346f9e815022e1995e01aa
shaders/character_sticker_mask.gdshader	1280	0	e5bb9b5e2b89e47e2b6fe889891a351b
shaders/color_space.gdshaderinc	758	0	7c02dc02ff9f6147c4f2ac1110b862b9
shaders/concert_audience.gdshader	644	0	1d2d2ba7638f8483ef93c452e21acf55
shaders/concert_floor.gdshader	890	0	541e713f7437d94b3c139dfe71e613c6
shaders/concert_lightsticks.gdshader	871	0	820afc9186576554ff0c4b5523b23366
shaders/concert_static.gdshader	4757	0	489d87c3e25ca2f86ed2ab14c3dcb805
shaders/luma_mask.gdshader	273	0	a330eab69298024672015e98523e24f4
shaders/outline.gdshader	1625	0	887d3f8a5d2189b3e304def7ff5e5881
shaders/platform.gdshader	2034	0	5fef0404446deaa25806b4cc693eb878
shaders/post_outline.gdshader	2675	0	8de7ed7ebb8805f214bdba54900147f0
shaders/post_toon.gdshader	1163	0	f06c9e01a310c93b99993f74626f0bea
shaders/preview_shadow.gdshader	427	0	da695ced9b4ffb28b10075b87385ef8f
shaders/silhouette.gdshader	1957	0	02aff6dcc496f6ce3d3979c45f4a2842
shaders/toon.gdshader	2737	0	05a118d37ea742afc7c992bbead8f87b
